{
	"credit": "Made with Blockbench",
	"texture_size": [64, 32],
	"textures": {
		"0": "kubejs:item/gbcart3d",
		"particle": "kubejs:item/gbcart3d"
	},
	"elements": [
		{
			"from": [0, 0, 0],
			"to": [12, 2, 14.5],
			"faces": {
				"north": {"uv": [6, 1, 0, 0], "texture": "#0"},
				"east": {"uv": [6.75, 1.5, 7.25, 16], "rotation": 90, "texture": "#0"},
				"south": {"uv": [14, 0, 8, 1], "texture": "#0"},
				"west": {"uv": [14.75, 16, 14.25, 1.5], "rotation": 90, "texture": "#0"},
				"up": {"uv": [0, 1.5, 6, 16], "texture": "#0"},
				"down": {"uv": [14, 16, 8, 1.5], "texture": "#0"}
			}
		},
		{
			"from": [12, 0, 0.5],
			"to": [13, 2, 14.5],
			"faces": {
				"north": {"uv": [6.5, 0, 6, 1], "texture": "#0"},
				"east": {"uv": [6.75, 2, 7.25, 16], "rotation": 90, "texture": "#0"},
				"south": {"uv": [8, 0, 7.5, 1], "texture": "#0"},
				"west": {"uv": [8.75, 1.5, 15.75, 2.5], "texture": "#missing"},
				"up": {"uv": [6, 2, 6.5, 16], "texture": "#0"},
				"down": {"uv": [8, 16, 7.5, 2], "texture": "#0"}
			}
		}
	],
	"gui_light": "front",
	"display": {
		"thirdperson_righthand": {
			"translation": [0, 2, 0],
			"scale": [0.25, 0.25, 0.25]
		},
		"thirdperson_lefthand": {
			"translation": [-0.75, 2, 0],
			"scale": [0.25, 0.25, 0.25]
		},
		"firstperson_righthand": {
			"rotation": [75, 0, 14],
			"translation": [2, 1, 0],
			"scale": [0.6, 0.6, 0.6]
		},
		"firstperson_lefthand": {
			"rotation": [75, 0, 14],
			"translation": [2, 1, 0],
			"scale": [0.6, 0.6, 0.6]
		},
		"ground": {
			"translation": [0, 3, 0],
			"scale": [0.5, 0.5, 0.5]
		},
		"gui": {
			"rotation": [90, 0, 0],
			"translation": [1.5, -0.75, 0]
		},
		"head": {
			"rotation": [90, 0, 0],
			"translation": [1, 1, 11.75],
			"scale": [0.75, 0.75, 0.75]
		},
		"fixed": {
			"rotation": [90, 0, 180],
			"translation": [-1.5, -0.75, -7.75]
		}
	},
	"groups": [
		{
			"name": "Cart",
			"origin": [0, 0, 0],
			"color": 0,
			"children": [0, 1]
		}
	]
}