{
	"credit": "Made with Blockbench",
	"textures": {
		"0": "kubejs:block/tombstone_1",
		"particle": "kubejs:block/tombstone_1"
	},
	"elements": [
		{
			"name": "Layer 1",
			"from": [2, 0, 2],
			"to": [14, 12, 6],
			"faces": {
				"north": {"uv": [8, 10, 14, 16], "texture": "#0"},
				"east": {"uv": [6, 10, 8, 16], "texture": "#0"},
				"south": {"uv": [0, 10, 6, 16], "texture": "#0"},
				"west": {"uv": [14, 10, 16, 16], "texture": "#0"},
				"up": {"uv": [0, 6, 6, 8], "texture": "#0"},
				"down": {"uv": [0, 0, 12, 4], "texture": "#missing"}
			}
		},
		{
			"name": "Layer 2",
			"from": [3, 12, 2],
			"to": [13, 14, 6],
			"faces": {
				"north": {"uv": [8.5, 9, 13.5, 10], "texture": "#0"},
				"east": {"uv": [6, 9, 8, 10], "texture": "#0"},
				"south": {"uv": [0.5, 9, 5.5, 10], "texture": "#0"},
				"west": {"uv": [14, 9, 16, 10], "texture": "#0"},
				"up": {"uv": [0.5, 6, 5.5, 8], "texture": "#0"},
				"down": {"uv": [0, 0, 10, 4], "texture": "#missing"}
			}
		},
		{
			"name": "Layer 3",
			"from": [4, 14, 2],
			"to": [12, 15, 6],
			"faces": {
				"north": {"uv": [9, 8.5, 13, 9], "texture": "#0"},
				"east": {"uv": [6, 8.5, 8, 9], "texture": "#0"},
				"south": {"uv": [1, 8.5, 5, 9], "texture": "#0"},
				"west": {"uv": [14, 8.5, 16, 9], "texture": "#0"},
				"up": {"uv": [1, 6, 5, 8], "texture": "#0"},
				"down": {"uv": [0, 0, 8, 4], "texture": "#missing"}
			}
		},
		{
			"name": "Layer 4",
			"from": [5, 15, 2],
			"to": [11, 16, 6],
			"faces": {
				"north": {"uv": [9.5, 8, 12.5, 8.5], "texture": "#0"},
				"east": {"uv": [6, 8, 8, 8.5], "texture": "#0"},
				"south": {"uv": [1.5, 8, 4.5, 8.5], "texture": "#0"},
				"west": {"uv": [14, 8, 16, 8.5], "texture": "#0"},
				"up": {"uv": [1.5, 6, 4.5, 8], "texture": "#0"},
				"down": {"uv": [0, 0, 6, 4], "texture": "#missing"}
			}
		}
	]
}