{
  "credit": "Made with Blockbench",
  "textures": {
    "0": "kubejs:models/christmas_lights_multicolor",
    "particle": "kubejs:models/christmas_lights_multicolor"
  },
  "elements": [ {
      "from": [ 2.25, 5, 14.95 ],
      "to": [ 2.75, 6, 15.45 ],
      "rotation": {
        "angle": 0,
        "axis": "y",
        "origin": [ -5.2, 13, 7.4 ]
      },
      "faces": {
        "north": {
          "uv": [ 0, 4.5, 0.5, 5.5 ],
          "texture": "#0"
        },
        "east": {
          "uv": [ 0, 4.5, 0.5, 5.5 ],
          "texture": "#0"
        },
        "south": {
          "uv": [ 0, 4.5, 0.5, 5.5 ],
          "texture": "#0"
        },
        "west": {
          "uv": [ 0, 4.5, 0.5, 5.5 ],
          "texture": "#0"
        },
        "down": {
          "uv": [ 0.5, 5.5, 0, 5 ],
          "texture": "#0"
        }
      }
    }, {
      "from": [ 2, 6, 14.7 ],
      "to": [ 3, 7, 15.7 ],
      "rotation": {
        "angle": 0,
        "axis": "y",
        "origin": [ -5, 14, 7.7 ]
      },
      "faces": {
        "north": {
          "uv": [ 0, 3.5, 1, 4.5 ],
          "texture": "#0"
        },
        "east": {
          "uv": [ 0, 3.5, 1, 4.5 ],
          "texture": "#0"
        },
        "south": {
          "uv": [ 0, 3.5, 1, 4.5 ],
          "texture": "#0"
        },
        "west": {
          "uv": [ 0, 3.5, 1, 4.5 ],
          "texture": "#0"
        },
        "down": {
          "uv": [ 1, 4, 0.5, 3.5 ],
          "texture": "#0"
        }
      }
    }, {
      "from": [ 1.75, 7, 14.45 ],
      "to": [ 3.25, 10, 15.95 ],
      "rotation": {
        "angle": 0,
        "axis": "y",
        "origin": [ -4.7, 15, 8 ]
      },
      "faces": {
        "north": {
          "uv": [ 0, 0.5, 1.5, 3.5 ],
          "texture": "#0"
        },
        "east": {
          "uv": [ 0, 0.5, 1.5, 3.5 ],
          "texture": "#0"
        },
        "south": {
          "uv": [ 0, 0.5, 1.5, 3.5 ],
          "texture": "#0"
        },
        "west": {
          "uv": [ 0, 0.5, 1.5, 3.5 ],
          "texture": "#0"
        },
        "up": {
          "uv": [ 3, 2, 1.5, 0.5 ],
          "texture": "#0"
        },
        "down": {
          "uv": [ 3, 2, 1.5, 0.5 ],
          "texture": "#0"
        }
      }
    }, {
      "from": [ 1.75, 10.5, 14.45 ],
      "to": [ 3.25, 11, 15.95 ],
      "rotation": {
        "angle": 0,
        "axis": "y",
        "origin": [ -4.8, 18.5, 8 ]
      },
      "faces": {
        "north": {
          "uv": [ 0, 6, 1.5, 6.5 ],
          "texture": "#0"
        },
        "east": {
          "uv": [ 0, 6, 1.5, 6.5 ],
          "texture": "#0"
        },
        "south": {
          "uv": [ 0, 6, 1.5, 6.5 ],
          "texture": "#0"
        },
        "west": {
          "uv": [ 0, 6, 1.5, 6.5 ],
          "texture": "#0"
        },
        "up": {
          "uv": [ 1.5, 7.5, 0, 6 ],
          "texture": "#0"
        },
        "down": {
          "uv": [ 1.5, 7.5, 0, 6 ],
          "texture": "#0"
        }
      }
    }, {
      "from": [ 2, 10, 14.7 ],
      "to": [ 3, 10.5, 15.7 ],
      "rotation": {
        "angle": 0,
        "axis": "y",
        "origin": [ -5, 18, 7.7 ]
      },
      "faces": {
        "north": {
          "uv": [ 0, 0, 1, 0.5 ],
          "texture": "#0"
        },
        "east": {
          "uv": [ 0, 0, 1, 0.5 ],
          "texture": "#0"
        },
        "south": {
          "uv": [ 0, 0, 1, 0.5 ],
          "texture": "#0"
        },
        "west": {
          "uv": [ 0, 0, 1, 0.5 ],
          "texture": "#0"
        }
      }
    }, {
      "from": [ 7.75, 4, 14.95 ],
      "to": [ 8.25, 5, 15.45 ],
      "rotation": {
        "angle": 0,
        "axis": "y",
        "origin": [ 0.3, 12, 7.4 ]
      },
      "faces": {
        "north": {
          "uv": [ 3, 4.5, 3.5, 5.5 ],
          "texture": "#0"
        },
        "east": {
          "uv": [ 3, 4.5, 3.5, 5.5 ],
          "texture": "#0"
        },
        "south": {
          "uv": [ 3, 4.5, 3.5, 5.5 ],
          "texture": "#0"
        },
        "west": {
          "uv": [ 3, 4.5, 3.5, 5.5 ],
          "texture": "#0"
        },
        "down": {
          "uv": [ 3.5, 5.5, 3, 4.5 ],
          "texture": "#0"
        }
      }
    }, {
      "from": [ 7.5, 5, 14.7 ],
      "to": [ 8.5, 6, 15.7 ],
      "rotation": {
        "angle": 0,
        "axis": "y",
        "origin": [ 0.5, 13, 7.7 ]
      },
      "faces": {
        "north": {
          "uv": [ 3, 3.5, 4, 4.5 ],
          "texture": "#0"
        },
        "east": {
          "uv": [ 3, 3.5, 4, 4.5 ],
          "texture": "#0"
        },
        "south": {
          "uv": [ 3, 3.5, 4, 4.5 ],
          "texture": "#0"
        },
        "west": {
          "uv": [ 3, 3.5, 4, 4.5 ],
          "texture": "#0"
        },
        "down": {
          "uv": [ 4, 4, 3.5, 3.5 ],
          "texture": "#0"
        }
      }
    }, {
      "from": [ 7.25, 6, 14.45 ],
      "to": [ 8.75, 9, 15.95 ],
      "rotation": {
        "angle": 0,
        "axis": "y",
        "origin": [ 0.8, 14, 8 ]
      },
      "faces": {
        "north": {
          "uv": [ 3, 0.5, 4.5, 3.5 ],
          "texture": "#0"
        },
        "east": {
          "uv": [ 3, 0.5, 4.5, 3.5 ],
          "texture": "#0"
        },
        "south": {
          "uv": [ 3, 0.5, 4.5, 3.5 ],
          "texture": "#0"
        },
        "west": {
          "uv": [ 3, 0.5, 4.5, 3.5 ],
          "texture": "#0"
        },
        "up": {
          "uv": [ 6, 2, 4.5, 0.5 ],
          "texture": "#0"
        },
        "down": {
          "uv": [ 6, 2, 4.5, 0.5 ],
          "texture": "#0"
        }
      }
    }, {
      "from": [ 7.25, 9.5, 14.45 ],
      "to": [ 8.75, 10, 15.95 ],
      "rotation": {
        "angle": 0,
        "axis": "y",
        "origin": [ 0.7, 17.5, 8 ]
      },
      "faces": {
        "north": {
          "uv": [ 0, 6, 1.5, 6.5 ],
          "texture": "#0"
        },
        "east": {
          "uv": [ 0, 6, 1.5, 6.5 ],
          "texture": "#0"
        },
        "south": {
          "uv": [ 0, 6, 1.5, 6.5 ],
          "texture": "#0"
        },
        "west": {
          "uv": [ 0, 6, 1.5, 6.5 ],
          "texture": "#0"
        },
        "up": {
          "uv": [ 1.5, 7.5, 0, 6 ],
          "texture": "#0"
        },
        "down": {
          "uv": [ 1.5, 7.5, 0, 6 ],
          "texture": "#0"
        }
      }
    }, {
      "from": [ 7.5, 9, 14.7 ],
      "to": [ 8.5, 9.5, 15.7 ],
      "rotation": {
        "angle": 0,
        "axis": "y",
        "origin": [ 0.5, 17, 7.7 ]
      },
      "faces": {
        "north": {
          "uv": [ 3, 0, 4, 0.5 ],
          "texture": "#0"
        },
        "east": {
          "uv": [ 3, 0, 4, 0.5 ],
          "texture": "#0"
        },
        "south": {
          "uv": [ 3, 0, 4, 0.5 ],
          "texture": "#0"
        },
        "west": {
          "uv": [ 3, 0, 4, 0.5 ],
          "texture": "#0"
        }
      }
    }, {
      "from": [ 13.25, 5, 14.95 ],
      "to": [ 13.75, 6, 15.45 ],
      "rotation": {
        "angle": 0,
        "axis": "y",
        "origin": [ 5.8, 13, 7.4 ]
      },
      "faces": {
        "north": {
          "uv": [ 6, 4.5, 6.5, 5.5 ],
          "texture": "#0"
        },
        "east": {
          "uv": [ 6, 4.5, 6.5, 5.5 ],
          "texture": "#0"
        },
        "south": {
          "uv": [ 6, 4.5, 6.5, 5.5 ],
          "texture": "#0"
        },
        "west": {
          "uv": [ 6, 4.5, 6.5, 5.5 ],
          "texture": "#0"
        },
        "down": {
          "uv": [ 6.5, 5.5, 6, 4.5 ],
          "texture": "#0"
        }
      }
    }, {
      "from": [ 13, 6, 14.7 ],
      "to": [ 14, 7, 15.7 ],
      "rotation": {
        "angle": 0,
        "axis": "y",
        "origin": [ 6, 14, 7.7 ]
      },
      "faces": {
        "north": {
          "uv": [ 6, 3.5, 7, 4.5 ],
          "texture": "#0"
        },
        "east": {
          "uv": [ 6, 3.5, 7, 4.5 ],
          "texture": "#0"
        },
        "south": {
          "uv": [ 6, 3.5, 7, 4.5 ],
          "texture": "#0"
        },
        "west": {
          "uv": [ 6, 3.5, 7, 4.5 ],
          "texture": "#0"
        },
        "down": {
          "uv": [ 7, 4, 6.5, 3.5 ],
          "texture": "#0"
        }
      }
    }, {
      "from": [ 12.75, 7, 14.45 ],
      "to": [ 14.25, 10, 15.95 ],
      "rotation": {
        "angle": 0,
        "axis": "y",
        "origin": [ 6.3, 15, 8 ]
      },
      "faces": {
        "north": {
          "uv": [ 6, 0.5, 7.5, 3.5 ],
          "texture": "#0"
        },
        "east": {
          "uv": [ 6, 0.5, 7.5, 3.5 ],
          "texture": "#0"
        },
        "south": {
          "uv": [ 6, 0.5, 7.5, 3.5 ],
          "texture": "#0"
        },
        "west": {
          "uv": [ 6, 0.5, 7.5, 3.5 ],
          "texture": "#0"
        },
        "up": {
          "uv": [ 9, 2, 7.5, 0.5 ],
          "texture": "#0"
        },
        "down": {
          "uv": [ 9, 2, 7.5, 0.5 ],
          "texture": "#0"
        }
      }
    }, {
      "from": [ 12.75, 10.5, 14.45 ],
      "to": [ 14.25, 11, 15.95 ],
      "rotation": {
        "angle": 0,
        "axis": "y",
        "origin": [ 6.2, 18.5, 8 ]
      },
      "faces": {
        "north": {
          "uv": [ 0, 6, 1.5, 6.5 ],
          "texture": "#0"
        },
        "east": {
          "uv": [ 0, 6, 1.5, 6.5 ],
          "texture": "#0"
        },
        "south": {
          "uv": [ 0, 6, 1.5, 6.5 ],
          "texture": "#0"
        },
        "west": {
          "uv": [ 0, 6, 1.5, 6.5 ],
          "texture": "#0"
        },
        "up": {
          "uv": [ 1.5, 7.5, 0, 6 ],
          "texture": "#0"
        },
        "down": {
          "uv": [ 1.5, 7.5, 0, 6 ],
          "texture": "#0"
        }
      }
    }, {
      "from": [ 13, 10, 14.7 ],
      "to": [ 14, 10.5, 15.7 ],
      "rotation": {
        "angle": 0,
        "axis": "y",
        "origin": [ 6, 18, 7.7 ]
      },
      "faces": {
        "north": {
          "uv": [ 6, 0, 7, 0.5 ],
          "texture": "#0"
        },
        "east": {
          "uv": [ 6, 0, 7, 0.5 ],
          "texture": "#0"
        },
        "south": {
          "uv": [ 6, 0, 7, 0.5 ],
          "texture": "#0"
        },
        "west": {
          "uv": [ 6, 0, 7, 0.5 ],
          "texture": "#0"
        },
        "up": {
          "uv": [ 7, 0.5, 6, 0 ],
          "texture": "#0"
        }
      }
    }, {
      "from": [ 11, 11, 14.7 ],
      "to": [ 16, 12, 15.7 ],
      "rotation": {
        "angle": 0,
        "axis": "y",
        "origin": [ 8, 19, 7.7 ]
      },
      "faces": {
        "north": {
          "uv": [ 0, 5.5, 2.5, 6 ],
          "texture": "#0"
        },
        "east": {
          "uv": [ 0, 5.5, 0.5, 6 ],
          "texture": "#0"
        },
        "south": {
          "uv": [ 0, 5.5, 2.5, 6 ],
          "texture": "#0"
        },
        "west": {
          "uv": [ 0, 5.5, 0.5, 6 ],
          "texture": "#0"
        },
        "up": {
          "uv": [ 2.5, 6, 0, 5.5 ],
          "texture": "#0"
        },
        "down": {
          "uv": [ 2.5, 6, 0, 5.5 ],
          "texture": "#0"
        }
      }
    }, {
      "from": [ 5, 10, 14.7 ],
      "to": [ 11, 11, 15.7 ],
      "rotation": {
        "angle": 0,
        "axis": "y",
        "origin": [ 3, 18, 7.7 ]
      },
      "faces": {
        "north": {
          "uv": [ 0, 5.5, 3, 6 ],
          "rotation": 180,
          "texture": "#0"
        },
        "east": {
          "uv": [ 0, 5.5, 0.5, 6 ],
          "texture": "#0"
        },
        "south": {
          "uv": [ 0, 5.5, 3, 6 ],
          "texture": "#0"
        },
        "west": {
          "uv": [ 0, 5.5, 0.5, 6 ],
          "texture": "#0"
        },
        "up": {
          "uv": [ 3, 6, 0, 5.5 ],
          "rotation": 180,
          "texture": "#0"
        },
        "down": {
          "uv": [ 3, 6, 0, 5.5 ],
          "rotation": 180,
          "texture": "#0"
        }
      }
    }, {
      "from": [ 0, 11, 14.7 ],
      "to": [ 5, 12, 15.7 ],
      "rotation": {
        "angle": 0,
        "axis": "y",
        "origin": [ -3, 19, 7.7 ]
      },
      "faces": {
        "north": {
          "uv": [ 0, 5.5, 2.5, 6 ],
          "texture": "#0"
        },
        "east": {
          "uv": [ 0, 5.5, 0.5, 6 ],
          "texture": "#0"
        },
        "south": {
          "uv": [ 0, 5.5, 2.5, 6 ],
          "texture": "#0"
        },
        "west": {
          "uv": [ 0, 5.5, 0.5, 6 ],
          "texture": "#0"
        },
        "up": {
          "uv": [ 2.5, 6, 0, 5.5 ],
          "texture": "#0"
        },
        "down": {
          "uv": [ 2.5, 6, 0, 5.5 ],
          "texture": "#0"
        }
      }
    } ],
  "display": {
    "thirdperson_righthand": {
      "rotation": [ 75, -180, 0 ],
      "translation": [ 0, 3, 0 ],
      "scale": [ 0.375, 0.375, 0.375 ]
    },
    "thirdperson_lefthand": {
      "rotation": [ 75, -180, 0 ],
      "translation": [ 0, 3, 0 ],
      "scale": [ 0.375, 0.375, 0.375 ]
    },
    "firstperson_righthand": {
      "rotation": [ 0, -45, 0 ],
      "translation": [ -1, 0, 0 ],
      "scale": [ 0.4, 0.4, 0.4 ]
    },
    "firstperson_lefthand": {
      "rotation": [ 75, -180, 0 ],
      "translation": [ 0, 3, 0 ],
      "scale": [ 0.375, 0.375, 0.375 ]
    },
    "ground": {
      "translation": [ 0, 3, 0 ],
      "scale": [ 0.25, 0.25, 0.25 ]
    },
    "gui": {
      "rotation": [ 30, -30, 0 ],
      "translation": [ -3.5, -4.25, 0 ]
    },
    "fixed": {
      "scale": [ 0.5, 0.5, 0.5 ]
    }
  },
  "groups": [ {
      "name": "Light",
      "origin": [ 15.5, 13, 22.7 ],
      "color": 0,
      "children": [ 0, 1, 2, 3, 4 ]
    }, {
      "name": "Light",
      "origin": [ 15.5, 13, 22.7 ],
      "color": 0,
      "children": [ 5, 6, 7, 8, 9 ]
    }, {
      "name": "Light",
      "origin": [ 15.5, 13, 22.7 ],
      "color": 0,
      "children": [ 10, 11, 12, 13, 14 ]
    }, 15, 16, 17 ]
}