{
	"credit": "Made with Blockbench",
	"textures": {
		"0": "kubejs:models/reef",
		"particle": "kubejs:models/reef"
	},
	"elements": [
		{
			"from": [5, 2, 15],
			"to": [11, 5, 16],
			"rotation": {"angle": 0, "axis": "y", "origin": [8, 10, 8]},
			"faces": {
				"north": {"uv": [14.5, 4.5, 11.5, 6], "texture": "#0"},
				"east": {"uv": [14.5, 5.5, 14, 6], "texture": "#0"},
				"south": {"uv": [14.5, 4.5, 11.5, 6], "texture": "#0"},
				"west": {"uv": [12, 5.5, 11.5, 6], "texture": "#0"},
				"up": {"uv": [12, 5, 14, 4.5], "rotation": 180, "texture": "#0"},
				"down": {"uv": [11.5, 6, 14.5, 5.5], "rotation": 180, "texture": "#0"}
			}
		},
		{
			"from": [5, 11, 15],
			"to": [11, 14, 16],
			"rotation": {"angle": 0, "axis": "y", "origin": [8, 19, 8]},
			"faces": {
				"north": {"uv": [14.5, 0, 11.5, 1.5], "texture": "#0"},
				"east": {"uv": [14.5, 0, 14, 1.5], "texture": "#0"},
				"south": {"uv": [14.5, 0, 11.5, 1.5], "texture": "#0"},
				"west": {"uv": [12, 0, 11.5, 1.5], "texture": "#0"},
				"up": {"uv": [11.5, 0.5, 14.5, 0], "rotation": 180, "texture": "#0"},
				"down": {"uv": [11.5, 1.5, 14.5, 1], "texture": "#0"}
			}
		},
		{
			"from": [11, 5, 15],
			"to": [14, 11, 16],
			"rotation": {"angle": 0, "axis": "y", "origin": [8, 13, 8]},
			"faces": {
				"north": {"uv": [16, 1.5, 14.5, 4.5], "texture": "#0"},
				"east": {"uv": [16, 1.5, 15.5, 4.5], "texture": "#0"},
				"south": {"uv": [14.5, 1.5, 16, 4.5], "texture": "#0"},
				"west": {"uv": [15, 1.5, 14.5, 4.5], "texture": "#0"},
				"up": {"uv": [14.5, 2, 16, 1.5], "rotation": 180, "texture": "#0"},
				"down": {"uv": [14.5, 4.5, 16, 4], "rotation": 180, "texture": "#0"}
			}
		},
		{
			"from": [2, 5, 15],
			"to": [5, 11, 16],
			"rotation": {"angle": 0, "axis": "y", "origin": [8, 13, 8]},
			"faces": {
				"north": {"uv": [11.5, 1.5, 10, 4.5], "texture": "#0"},
				"east": {"uv": [11.5, 1.5, 11, 4.5], "texture": "#0"},
				"south": {"uv": [10, 1.5, 11.5, 4.5], "texture": "#0"},
				"west": {"uv": [10.5, 1.5, 10, 4.5], "texture": "#0"},
				"up": {"uv": [10, 2, 11.5, 1.5], "rotation": 180, "texture": "#0"},
				"down": {"uv": [10, 4.5, 11.5, 4], "rotation": 180, "texture": "#0"}
			}
		},
		{
			"from": [11, 3, 15],
			"to": [13, 5, 16],
			"rotation": {"angle": 0, "axis": "y", "origin": [8, 11, 8]},
			"faces": {
				"north": {"uv": [15.5, 4.5, 14.5, 5.5], "texture": "#0"},
				"east": {"uv": [15.5, 4.5, 15, 5.5], "texture": "#0"},
				"south": {"uv": [14.5, 4.5, 15.5, 5.5], "texture": "#0"},
				"west": {"uv": [1, 0, 0, 2], "texture": "#0"},
				"up": {"uv": [0, 1, 2, 0], "rotation": 180, "texture": "#0"},
				"down": {"uv": [14.5, 5.5, 15.5, 5], "texture": "#0"}
			}
		},
		{
			"from": [3, 3, 15],
			"to": [5, 5, 16],
			"rotation": {"angle": 0, "axis": "y", "origin": [8, 11, 8]},
			"faces": {
				"north": {"uv": [11.5, 4.5, 10.5, 5.5], "texture": "#0"},
				"east": {"uv": [11, 4.5, 10.5, 5.5], "texture": "#0"},
				"south": {"uv": [10.5, 4.5, 11.5, 5.5], "texture": "#0"},
				"west": {"uv": [11, 4.5, 10.5, 5.5], "texture": "#0"},
				"up": {"uv": [0, 1, 2, 0], "rotation": 180, "texture": "#0"},
				"down": {"uv": [10.5, 5.5, 11.5, 5], "rotation": 180, "texture": "#0"}
			}
		},
		{
			"from": [11, 11, 15],
			"to": [13, 13, 16],
			"rotation": {"angle": 0, "axis": "y", "origin": [8, 19, 8]},
			"faces": {
				"north": {"uv": [15.5, 0.5, 14.5, 1.5], "texture": "#0"},
				"east": {"uv": [15.5, 0.5, 15, 1.5], "texture": "#0"},
				"south": {"uv": [14.5, 1.5, 15.5, 0.5], "rotation": 270, "texture": "#0"},
				"west": {"uv": [1, 0, 0, 2], "texture": "#0"},
				"up": {"uv": [14.5, 1, 15.5, 0.5], "rotation": 180, "texture": "#0"},
				"down": {"uv": [0, 1, 2, 0], "rotation": 180, "texture": "#0"}
			}
		},
		{
			"from": [3, 11, 15],
			"to": [5, 13, 16],
			"rotation": {"angle": 0, "axis": "y", "origin": [8, 19, 8]},
			"faces": {
				"north": {"uv": [11.5, 0.5, 10.5, 1.5], "texture": "#0"},
				"east": {"uv": [11.5, 0.5, 10.5, 1], "texture": "#0"},
				"south": {"uv": [10.5, 1.5, 11.5, 0.5], "rotation": 90, "texture": "#0"},
				"west": {"uv": [11, 0.5, 10.5, 1.5], "texture": "#0"},
				"up": {"uv": [10.5, 1, 11.5, 0.5], "rotation": 180, "texture": "#0"},
				"down": {"uv": [0, 1, 2, 0], "rotation": 180, "texture": "#0"}
			}
		},
		{
			"from": [5, 10, 15],
			"to": [6, 11, 16],
			"rotation": {"angle": 0, "axis": "y", "origin": [8, 18, 8]},
			"faces": {
				"north": {"uv": [12, 1.5, 11.5, 2], "texture": "#0"},
				"east": {"uv": [1, 0, 0, 1], "texture": "#0"},
				"south": {"uv": [1, 0, 0, 1], "texture": "#0"},
				"west": {"uv": [1, 0, 0, 1], "texture": "#0"},
				"up": {"uv": [0, 1, 1, 0], "rotation": 180, "texture": "#0"},
				"down": {"uv": [0, 1, 1, 0], "rotation": 180, "texture": "#0"}
			}
		},
		{
			"from": [10, 5, 15],
			"to": [11, 6, 16],
			"rotation": {"angle": 0, "axis": "y", "origin": [8, 13, 8]},
			"faces": {
				"north": {"uv": [14.5, 4, 14, 4.5], "texture": "#0"},
				"east": {"uv": [1, 0, 0, 1], "texture": "#0"},
				"south": {"uv": [1, 0, 0, 1], "texture": "#0"},
				"west": {"uv": [1, 0, 0, 1], "texture": "#0"},
				"up": {"uv": [0, 1, 1, 0], "rotation": 180, "texture": "#0"},
				"down": {"uv": [0, 1, 1, 0], "rotation": 180, "texture": "#0"}
			}
		},
		{
			"from": [10, 10, 15],
			"to": [11, 11, 16],
			"rotation": {"angle": 0, "axis": "y", "origin": [8, 18, 8]},
			"faces": {
				"north": {"uv": [14.5, 1.5, 14, 2], "texture": "#0"},
				"east": {"uv": [14.5, 1.5, 14, 2], "texture": "#0"},
				"west": {"uv": [14.5, 1.5, 14, 2], "texture": "#0"},
				"up": {"uv": [14, 2, 14.5, 1.5], "rotation": 180, "texture": "#0"},
				"down": {"uv": [14, 2, 14.5, 1.5], "rotation": 180, "texture": "#0"}
			}
		},
		{
			"from": [5, 5, 15],
			"to": [6, 6, 16],
			"rotation": {"angle": 0, "axis": "y", "origin": [8, 13, 8]},
			"faces": {
				"north": {"uv": [12, 4, 11.5, 4.5], "texture": "#0"},
				"east": {"uv": [12, 4, 11.5, 4.5], "texture": "#0"},
				"west": {"uv": [12, 4, 11.5, 4.5], "texture": "#0"},
				"up": {"uv": [11.5, 4.5, 12, 4], "rotation": 180, "texture": "#0"},
				"down": {"uv": [11.5, 4.5, 12, 4], "rotation": 180, "texture": "#0"}
			}
		},
		{
			"from": [5, 2, 15],
			"to": [11, 5, 15],
			"rotation": {"angle": -22.5, "axis": "x", "origin": [8, 3.5, 15]},
			"faces": {
				"north": {"uv": [6, 0, 3, 1.5], "texture": "#0"},
				"east": {"uv": [0, 0, 0, 3], "texture": "#0"},
				"south": {"uv": [6, 0, 3, 1.5], "texture": "#0"},
				"west": {"uv": [0, 0, 0, 3], "texture": "#0"},
				"up": {"uv": [0, 0, 6, 0], "texture": "#0"},
				"down": {"uv": [0, 0, 6, 0], "texture": "#0"}
			}
		},
		{
			"from": [4, 2, 15],
			"to": [12, 5, 15],
			"rotation": {"angle": 22.5, "axis": "x", "origin": [7, 3.5, 15]},
			"faces": {
				"north": {"uv": [6.5, 0, 2.5, 1.5], "texture": "#0"},
				"east": {"uv": [0, 0, 0, 3], "texture": "#0"},
				"south": {"uv": [6.5, 0, 2.5, 1.5], "texture": "#0"},
				"west": {"uv": [0, 0, 0, 3], "texture": "#0"},
				"up": {"uv": [0, 0, 8, 0], "texture": "#0"},
				"down": {"uv": [0, 0, 8, 0], "texture": "#0"}
			}
		},
		{
			"from": [4, 11, 15],
			"to": [12, 14, 15],
			"rotation": {"angle": -22.5, "axis": "x", "origin": [7, 12.5, 15]},
			"faces": {
				"north": {"uv": [6.5, 0, 2.5, 1.5], "texture": "#0"},
				"south": {"uv": [6.5, 0, 2.5, 1.5], "texture": "#0"}
			}
		},
		{
			"from": [5, 11, 15],
			"to": [11, 14, 15],
			"rotation": {"angle": 22.5, "axis": "x", "origin": [8, 12.5, 15]},
			"faces": {
				"north": {"uv": [5.5, 0, 2.5, 1.5], "texture": "#0"},
				"east": {"uv": [0, 0, 0, 3], "texture": "#0"},
				"south": {"uv": [5.5, 0, 2.5, 1.5], "texture": "#0"},
				"west": {"uv": [0, 0, 0, 3], "texture": "#0"},
				"up": {"uv": [0, 0, 6, 0], "texture": "#0"},
				"down": {"uv": [0, 0, 6, 0], "texture": "#0"}
			}
		},
		{
			"from": [2, 4, 15],
			"to": [5, 12, 15],
			"rotation": {"angle": -22.5, "axis": "y", "origin": [3.5, 7, 15]},
			"faces": {
				"north": {"uv": [8, 0, 6.5, 3.5], "texture": "#0"},
				"east": {"uv": [0, 0, 0, 8], "texture": "#0"},
				"south": {"uv": [8, 0, 6.5, 3.5], "texture": "#0"},
				"west": {"uv": [0, 0, 0, 8], "texture": "#0"},
				"up": {"uv": [0, 0, 3, 0], "rotation": 180, "texture": "#0"},
				"down": {"uv": [0, 0, 3, 0], "rotation": 180, "texture": "#0"}
			}
		},
		{
			"from": [11, 4, 15],
			"to": [14, 12, 15],
			"rotation": {"angle": 22.5, "axis": "y", "origin": [12.5, 7, 15]},
			"faces": {
				"north": {"uv": [8, 0, 6.5, 3.5], "texture": "#0"},
				"east": {"uv": [0, 0, 0, 8], "texture": "#0"},
				"south": {"uv": [8, 0, 6.5, 3.5], "texture": "#0"},
				"west": {"uv": [0, 0, 0, 8], "texture": "#0"},
				"up": {"uv": [0, 0, 3, 0], "rotation": 180, "texture": "#0"},
				"down": {"uv": [0, 0, 3, 0], "rotation": 180, "texture": "#0"}
			}
		},
		{
			"from": [11, 5, 15],
			"to": [14, 11, 15],
			"rotation": {"angle": -22.5, "axis": "y", "origin": [12.5, 8, 15]},
			"faces": {
				"north": {"uv": [8, 1, 6.5, 3.5], "texture": "#0"},
				"east": {"uv": [0, 0, 0, 6], "texture": "#0"},
				"south": {"uv": [8, 1, 6.5, 3.5], "texture": "#0"},
				"west": {"uv": [0, 0, 0, 6], "texture": "#0"},
				"up": {"uv": [0, 0, 3, 0], "rotation": 180, "texture": "#0"},
				"down": {"uv": [0, 0, 3, 0], "rotation": 180, "texture": "#0"}
			}
		},
		{
			"from": [2, 5, 15],
			"to": [5, 11, 15],
			"rotation": {"angle": 22.5, "axis": "y", "origin": [3.5, 8, 15]},
			"faces": {
				"north": {"uv": [8, 1, 6.5, 3.5], "texture": "#0"},
				"east": {"uv": [0, 0, 0, 6], "texture": "#0"},
				"south": {"uv": [8, 1, 6.5, 3.5], "texture": "#0"},
				"west": {"uv": [0, 0, 0, 6], "texture": "#0"},
				"up": {"uv": [0, 0, 3, 0], "rotation": 180, "texture": "#0"},
				"down": {"uv": [0, 0, 3, 0], "rotation": 180, "texture": "#0"}
			}
		}
	],
	"display": {
		"thirdperson_righthand": {
			"rotation": [75, 45, 0],
			"translation": [0, 2.5, 0],
			"scale": [0.375, 0.375, 0.375]
		},
		"thirdperson_lefthand": {
			"rotation": [75, 45, 0],
			"translation": [0, 2.5, 0],
			"scale": [0.375, 0.375, 0.375]
		},
		"firstperson_righthand": {
			"rotation": [0, 106, 0],
			"scale": [0.4, 0.4, 0.4]
		},
		"firstperson_lefthand": {
			"rotation": [0, 106, 0],
			"scale": [0.4, 0.4, 0.4]
		},
		"ground": {
			"translation": [0, 3, 0],
			"scale": [0.25, 0.25, 0.25]
		},
		"gui": {
			"rotation": [30, 136, 0],
			"translation": [-5, -2.5, 0]
		},
		"fixed": {
			"translation": [0, 0, -7]
		}
	}
}