{
  "credit": "Made with Blockbench",
  "textures": {
    "0": "kubejs:models/gingerbread_house",
    "particle": "kubejs:models/gingerbread_house"
  },
  "elements": [ {
      "from": [ 2, 0, 2 ],
      "to": [ 3, 8, 14 ],
      "rotation": {
        "angle": 0,
        "axis": "y",
        "origin": [ 10, 10, 10 ]
      },
      "faces": {
        "north": {
          "uv": [ 5, 0, 5.5, 4 ],
          "texture": "#0"
        },
        "south": {
          "uv": [ 10.5, 0, 11, 4 ],
          "texture": "#0"
        },
        "west": {
          "uv": [ 5, 0, 11, 4 ],
          "texture": "#0"
        },
        "down": {
          "uv": [ 5.5, 3.5, 6, 4 ],
          "texture": "#0"
        }
      }
    }, {
      "from": [ -1.8, 9, 1 ],
      "to": [ 9.2, 10, 15 ],
      "rotation": {
        "angle": 45,
        "axis": "z",
        "origin": [ 4.11421, 9.41421, 8 ]
      },
      "faces": {
        "north": {
          "uv": [ 0, 4.5, 0.5, 10 ],
          "rotation": 90,
          "texture": "#0"
        },
        "east": {
          "uv": [ 0, 9.5, 7, 10 ],
          "rotation": 180,
          "texture": "#0"
        },
        "south": {
          "uv": [ 6.5, 4.5, 7, 10 ],
          "rotation": 90,
          "texture": "#0"
        },
        "west": {
          "uv": [ 0, 9.5, 7, 10 ],
          "texture": "#0"
        },
        "up": {
          "uv": [ 0, 4.5, 7, 10 ],
          "rotation": 90,
          "texture": "#0"
        },
        "down": {
          "uv": [ 7, 4.5, 0, 10 ],
          "rotation": 90,
          "texture": "#0"
        }
      }
    }, {
      "from": [ 6.2, 9, 1 ],
      "to": [ 17.2, 10, 15 ],
      "rotation": {
        "angle": -45,
        "axis": "z",
        "origin": [ 11.59289, 8.70711, 8 ]
      },
      "faces": {
        "north": {
          "uv": [ 0, 4.5, 0.5, 10 ],
          "rotation": 90,
          "texture": "#0"
        },
        "east": {
          "uv": [ 0, 9.5, 7, 10 ],
          "rotation": 180,
          "texture": "#0"
        },
        "south": {
          "uv": [ 6.5, 4.5, 7, 10 ],
          "rotation": 90,
          "texture": "#0"
        },
        "west": {
          "uv": [ 0, 4.5, 7, 5 ],
          "texture": "#0"
        },
        "up": {
          "uv": [ 0, 4.5, 7, 10 ],
          "rotation": 90,
          "texture": "#0"
        },
        "down": {
          "uv": [ 0, 4.5, 7, 10 ],
          "rotation": 270,
          "texture": "#0"
        }
      }
    }, {
      "from": [ 6, 11, 2 ],
      "to": [ 10, 12, 14 ],
      "rotation": {
        "angle": 0,
        "axis": "y",
        "origin": [ 14, 21, 10 ]
      },
      "color": 6,
      "faces": {
        "north": {
          "uv": [ 0, 0, 4, 1 ],
          "texture": "#missing"
        },
        "east": {
          "uv": [ 0, 0, 12, 1 ],
          "texture": "#missing"
        },
        "south": {
          "uv": [ 0, 0, 4, 1 ],
          "texture": "#missing"
        },
        "west": {
          "uv": [ 0, 0, 12, 1 ],
          "texture": "#missing"
        },
        "up": {
          "uv": [ 0, 0, 4, 12 ],
          "texture": "#missing"
        },
        "down": {
          "uv": [ 0, 0, 4, 12 ],
          "texture": "#missing"
        }
      }
    }, {
      "from": [ 3, 0, 2 ],
      "to": [ 13, 9, 14 ],
      "rotation": {
        "angle": 0,
        "axis": "y",
        "origin": [ 11, 10, 10 ]
      },
      "faces": {
        "north": {
          "uv": [ 0, 0, 5, 4.5 ],
          "texture": "#0"
        },
        "east": {
          "uv": [ 0, 0, 12, 9 ],
          "texture": "#0"
        },
        "south": {
          "uv": [ 11, 0, 16, 4.5 ],
          "texture": "#0"
        },
        "west": {
          "uv": [ 0, 0, 12, 9 ],
          "texture": "#0"
        },
        "down": {
          "uv": [ 5.5, 3.5, 6, 4 ],
          "texture": "#0"
        }
      }
    }, {
      "from": [ 4, 9, 2 ],
      "to": [ 12, 10, 14 ],
      "rotation": {
        "angle": 0,
        "axis": "y",
        "origin": [ 12, 19, 10 ]
      },
      "faces": {
        "north": {
          "uv": [ 7, 6, 11, 6.5 ],
          "texture": "#0"
        },
        "east": {
          "uv": [ 0, 0, 12, 1 ],
          "texture": "#0"
        },
        "south": {
          "uv": [ 7, 6, 11, 6.5 ],
          "texture": "#0"
        },
        "west": {
          "uv": [ 0, 0, 12, 1 ],
          "texture": "#0"
        },
        "up": {
          "uv": [ 0, 0, 8, 12 ],
          "texture": "#0"
        },
        "down": {
          "uv": [ 0, 0, 8, 12 ],
          "texture": "#0"
        }
      }
    }, {
      "from": [ 5, 10, 2 ],
      "to": [ 11, 11, 14 ],
      "rotation": {
        "angle": 0,
        "axis": "y",
        "origin": [ 13, 20, 10 ]
      },
      "faces": {
        "north": {
          "uv": [ 7.5, 5.5, 10.5, 6 ],
          "texture": "#0"
        },
        "east": {
          "uv": [ 0, 0, 12, 1 ],
          "texture": "#0"
        },
        "south": {
          "uv": [ 7.5, 5.5, 10.5, 6 ],
          "texture": "#0"
        },
        "west": {
          "uv": [ 0, 0, 12, 1 ],
          "texture": "#0"
        },
        "up": {
          "uv": [ 0, 0, 6, 12 ],
          "texture": "#0"
        },
        "down": {
          "uv": [ 0, 0, 6, 12 ],
          "texture": "#0"
        }
      }
    }, {
      "from": [ 6, 11, 2 ],
      "to": [ 10, 12, 14 ],
      "rotation": {
        "angle": 0,
        "axis": "y",
        "origin": [ 14, 21, 10 ]
      },
      "faces": {
        "north": {
          "uv": [ 8, 5, 10, 5.5 ],
          "texture": "#0"
        },
        "east": {
          "uv": [ 0, 0, 12, 1 ],
          "texture": "#0"
        },
        "south": {
          "uv": [ 8, 5, 10, 5.5 ],
          "texture": "#0"
        },
        "west": {
          "uv": [ 0, 0, 12, 1 ],
          "texture": "#0"
        },
        "up": {
          "uv": [ 0, 0, 4, 12 ],
          "texture": "#0"
        },
        "down": {
          "uv": [ 0, 0, 4, 12 ],
          "texture": "#0"
        }
      }
    }, {
      "from": [ 7, 12, 2 ],
      "to": [ 9, 13, 14 ],
      "rotation": {
        "angle": 0,
        "axis": "y",
        "origin": [ 15, 22, 10 ]
      },
      "faces": {
        "north": {
          "uv": [ 8.5, 4.5, 9.5, 5 ],
          "texture": "#0"
        },
        "east": {
          "uv": [ 0, 0, 12, 1 ],
          "texture": "#0"
        },
        "south": {
          "uv": [ 8.5, 4.5, 9.5, 5 ],
          "texture": "#0"
        },
        "west": {
          "uv": [ 0, 0, 12, 1 ],
          "texture": "#0"
        },
        "up": {
          "uv": [ 0, 0, 2, 12 ],
          "texture": "#0"
        },
        "down": {
          "uv": [ 0, 0, 2, 12 ],
          "texture": "#0"
        }
      }
    }, {
      "from": [ 13, 0, 2 ],
      "to": [ 14, 8, 14 ],
      "rotation": {
        "angle": 0,
        "axis": "y",
        "origin": [ 21, 10, 10 ]
      },
      "faces": {
        "north": {
          "uv": [ 5, 0, 5.5, 4 ],
          "texture": "#0"
        },
        "east": {
          "uv": [ 5, 0, 11, 4 ],
          "texture": "#0"
        },
        "south": {
          "uv": [ 5, 0, 5.5, 4 ],
          "texture": "#0"
        },
        "down": {
          "uv": [ 5, 3.5, 10, 4 ],
          "texture": "#0"
        }
      }
    }, {
      "from": [ -0.1, 3.3, 1 ],
      "to": [ -0.1, 5.3, 15 ],
      "rotation": {
        "angle": 0,
        "axis": "y",
        "origin": [ 7.9, 11.3, 9 ]
      },
      "faces": {
        "north": {
          "uv": [ 0, 0, 0, 2 ],
          "texture": "#0"
        },
        "east": {
          "uv": [ 7, 10, 0, 11 ],
          "texture": "#0"
        },
        "south": {
          "uv": [ 0, 0, 0, 2 ],
          "texture": "#0"
        },
        "west": {
          "uv": [ 0, 10, 7, 11 ],
          "texture": "#0"
        },
        "up": {
          "uv": [ 0, 0, 0, 14 ],
          "texture": "#0"
        },
        "down": {
          "uv": [ 0, 0, 0, 14 ],
          "texture": "#0"
        }
      }
    }, {
      "from": [ 16.1, 3.3, 1 ],
      "to": [ 16.1, 5.3, 15 ],
      "rotation": {
        "angle": 0,
        "axis": "y",
        "origin": [ 24.1, 11.3, 9 ]
      },
      "faces": {
        "north": {
          "uv": [ 0, 0, 0, 2 ],
          "texture": "#0"
        },
        "east": {
          "uv": [ 7, 10, 0, 11 ],
          "texture": "#0"
        },
        "south": {
          "uv": [ 0, 0, 0, 2 ],
          "texture": "#0"
        },
        "west": {
          "uv": [ 0, 10, 7, 11 ],
          "texture": "#0"
        },
        "up": {
          "uv": [ 0, 0, 0, 14 ],
          "texture": "#0"
        },
        "down": {
          "uv": [ 0, 0, 0, 14 ],
          "texture": "#0"
        }
      }
    }, {
      "from": [ 2, 8, 10 ],
      "to": [ 5, 14, 13 ],
      "rotation": {
        "angle": 0,
        "axis": "y",
        "origin": [ 10, 16, 18 ]
      },
      "faces": {
        "north": {
          "uv": [ 11, 4.5, 12.5, 7.5 ],
          "texture": "#0"
        },
        "east": {
          "uv": [ 11, 4.5, 12.5, 7.5 ],
          "texture": "#0"
        },
        "south": {
          "uv": [ 11, 4.5, 12.5, 7.5 ],
          "texture": "#0"
        },
        "west": {
          "uv": [ 11, 4.5, 12.5, 7.5 ],
          "texture": "#0"
        },
        "up": {
          "uv": [ 12.5, 4.5, 14.5, 6.5 ],
          "texture": "#0"
        }
      }
    }, {
      "from": [ 7.5, 12.9, 1 ],
      "to": [ 8.5, 13.9, 15 ],
      "rotation": {
        "angle": 45,
        "axis": "z",
        "origin": [ 8, 13.4, 8 ]
      },
      "faces": {
        "north": {
          "uv": [ 0, 11, 0.5, 11.5 ],
          "texture": "#0"
        },
        "east": {
          "uv": [ 0, 11, 7, 11.5 ],
          "texture": "#0"
        },
        "south": {
          "uv": [ 6.5, 11, 7, 11.5 ],
          "texture": "#0"
        },
        "up": {
          "uv": [ 0, 11, 7, 11.5 ],
          "rotation": 270,
          "texture": "#0"
        }
      }
    } ],
  "display": {
    "thirdperson_righthand": {
      "rotation": [ 75, 45, 0 ],
      "translation": [ 0, 2.5, 0 ],
      "scale": [ 0.375, 0.375, 0.375 ]
    },
    "thirdperson_lefthand": {
      "rotation": [ 75, 45, 0 ],
      "translation": [ 0, 2.5, 0 ],
      "scale": [ 0.375, 0.375, 0.375 ]
    },
    "firstperson_righthand": {
      "rotation": [ 0, 135, 0 ],
      "translation": [ 0, 2.25, 0 ],
      "scale": [ 0.4, 0.4, 0.4 ]
    },
    "firstperson_lefthand": {
      "rotation": [ 0, 135, 0 ],
      "translation": [ 0, 2.25, 0 ],
      "scale": [ 0.4, 0.4, 0.4 ]
    },
    "ground": {
      "translation": [ 0, 3, 0 ],
      "scale": [ 0.25, 0.25, 0.25 ]
    },
    "gui": {
      "rotation": [ 30, 135, 0 ],
      "translation": [ 0, 1, 0 ],
      "scale": [ 0.625, 0.625, 0.625 ]
    },
    "head": {
      "translation": [ 0, 2.5, 0 ],
      "scale": [ 1.14, 1.14, 1.14 ]
    },
    "fixed": {
      "scale": [ 0.5, 0.5, 0.5 ]
    }
  }
}