{
	"credit": "Made with Blockbench",
	"textures": {
		"1": "block/iron_bars",
		"2": "block/iron_block",
		"particle": "block/iron_block"
	},
	"elements": [
		{
			"name": "shaft",
			"from": [7, 0, 7],
			"to": [9, 10, 9],
			"faces": {
				"north": {"uv": [7, 4, 9, 15], "texture": "#1"},
				"east": {"uv": [9, 4, 7, 15], "texture": "#1"},
				"south": {"uv": [7, 4, 9, 15], "texture": "#1"},
				"west": {"uv": [9, 4, 7, 15], "texture": "#1"},
				"up": {"uv": [7, 7, 9, 9], "texture": "#1"},
				"down": {"uv": [7, 7, 9, 9], "texture": "#1"}
			}
		},
		{
			"name": "hexadecagon",
			"from": [6.50816, 5, 0.5],
			"to": [9.49184, 16, 1.5],
			"rotation": {"angle": -45, "axis": "y", "origin": [8, 12, 8]},
			"faces": {
				"north": {"uv": [2, 0, 5, 16], "texture": "#2"},
				"east": {"uv": [8, 0, 11, 16], "texture": "#2"},
				"south": {"uv": [11, 0, 14, 16], "texture": "#2"},
				"west": {"uv": [5, 0, 8, 16], "texture": "#2"},
				"up": {"uv": [13, 15, 16, 16], "texture": "#2"},
				"down": {"uv": [13, 15, 16, 16], "texture": "#2"}
			}
		},
		{
			"name": "hexadecagon",
			"from": [6.50816, 5, 0.5],
			"to": [9.49184, 16, 1.5],
			"rotation": {"angle": -22.5, "axis": "y", "origin": [8, 12, 8]},
			"faces": {
				"north": {"uv": [2, 0, 5, 16], "texture": "#2"},
				"east": {"uv": [8, 0, 11, 16], "texture": "#2"},
				"south": {"uv": [11, 0, 14, 16], "texture": "#2"},
				"west": {"uv": [5, 0, 8, 16], "texture": "#2"},
				"up": {"uv": [13, 15, 16, 16], "texture": "#2"},
				"down": {"uv": [13, 15, 16, 16], "texture": "#2"}
			}
		},
		{
			"name": "hexadecagon",
			"from": [6.50816, 5, 0.5],
			"to": [9.49184, 16, 1.5],
			"rotation": {"angle": 0, "axis": "y", "origin": [8, 12, 8]},
			"faces": {
				"north": {"uv": [2, 0, 5, 16], "texture": "#2"},
				"east": {"uv": [8, 0, 11, 16], "texture": "#2"},
				"south": {"uv": [11, 0, 14, 16], "texture": "#2"},
				"west": {"uv": [5, 0, 8, 16], "texture": "#2"},
				"up": {"uv": [13, 15, 16, 16], "texture": "#2"},
				"down": {"uv": [13, 15, 16, 16], "texture": "#2"}
			}
		},
		{
			"name": "hexadecagon",
			"from": [6.50816, 5, 0.5],
			"to": [9.49184, 16, 1.5],
			"rotation": {"angle": 22.5, "axis": "y", "origin": [8, 12, 8]},
			"faces": {
				"north": {"uv": [2, 0, 5, 16], "texture": "#2"},
				"east": {"uv": [8, 0, 11, 16], "texture": "#2"},
				"south": {"uv": [11, 0, 14, 16], "texture": "#2"},
				"west": {"uv": [5, 0, 8, 16], "texture": "#2"},
				"up": {"uv": [13, 15, 16, 16], "texture": "#2"},
				"down": {"uv": [13, 15, 16, 16], "texture": "#2"}
			}
		},
		{
			"name": "hexadecagon",
			"from": [6.50816, 5, 0.5],
			"to": [9.49184, 16, 1.5],
			"rotation": {"angle": 45, "axis": "y", "origin": [8, 12, 8]},
			"faces": {
				"north": {"uv": [2, 0, 5, 16], "texture": "#2"},
				"east": {"uv": [8, 0, 11, 16], "texture": "#2"},
				"south": {"uv": [11, 0, 14, 16], "texture": "#2"},
				"west": {"uv": [5, 0, 8, 16], "texture": "#2"},
				"up": {"uv": [13, 15, 16, 16], "texture": "#2"},
				"down": {"uv": [13, 15, 16, 16], "texture": "#2"}
			}
		},
		{
			"name": "hexadecagon",
			"from": [6.50816, 5, 14.5],
			"to": [9.49184, 16, 15.5],
			"rotation": {"angle": -45, "axis": "y", "origin": [8, 12, 8]},
			"faces": {
				"north": {"uv": [2, 0, 5, 16], "texture": "#2"},
				"east": {"uv": [8, 0, 11, 16], "texture": "#2"},
				"south": {"uv": [11, 0, 14, 16], "texture": "#2"},
				"west": {"uv": [5, 0, 8, 16], "texture": "#2"},
				"up": {"uv": [13, 15, 16, 16], "texture": "#2"},
				"down": {"uv": [13, 15, 16, 16], "texture": "#2"}
			}
		},
		{
			"name": "hexadecagon",
			"from": [6.50816, 5, 14.5],
			"to": [9.49184, 16, 15.5],
			"rotation": {"angle": -22.5, "axis": "y", "origin": [8, 12, 8]},
			"faces": {
				"north": {"uv": [2, 0, 5, 16], "texture": "#2"},
				"east": {"uv": [8, 0, 11, 16], "texture": "#2"},
				"south": {"uv": [11, 0, 14, 16], "texture": "#2"},
				"west": {"uv": [5, 0, 8, 16], "texture": "#2"},
				"up": {"uv": [13, 15, 16, 16], "texture": "#2"},
				"down": {"uv": [13, 15, 16, 16], "texture": "#2"}
			}
		},
		{
			"name": "hexadecagon",
			"from": [6.50816, 5, 14.5],
			"to": [9.49184, 16, 15.5],
			"rotation": {"angle": 0, "axis": "y", "origin": [8, 12, 8]},
			"faces": {
				"north": {"uv": [2, 0, 5, 16], "texture": "#2"},
				"east": {"uv": [8, 0, 11, 16], "texture": "#2"},
				"south": {"uv": [11, 0, 14, 16], "texture": "#2"},
				"west": {"uv": [5, 0, 8, 16], "texture": "#2"},
				"up": {"uv": [13, 15, 16, 16], "texture": "#2"},
				"down": {"uv": [13, 15, 16, 16], "texture": "#2"}
			}
		},
		{
			"name": "hexadecagon",
			"from": [6.50816, 5, 14.5],
			"to": [9.49184, 16, 15.5],
			"rotation": {"angle": 22.5, "axis": "y", "origin": [8, 12, 8]},
			"faces": {
				"north": {"uv": [2, 0, 5, 16], "texture": "#2"},
				"east": {"uv": [8, 0, 11, 16], "texture": "#2"},
				"south": {"uv": [11, 0, 14, 16], "texture": "#2"},
				"west": {"uv": [5, 0, 8, 16], "texture": "#2"},
				"up": {"uv": [13, 15, 16, 16], "texture": "#2"},
				"down": {"uv": [13, 15, 16, 16], "texture": "#2"}
			}
		},
		{
			"name": "hexadecagon",
			"from": [6.50816, 5, 14.5],
			"to": [9.49184, 16, 15.5],
			"rotation": {"angle": 45, "axis": "y", "origin": [8, 12, 8]},
			"faces": {
				"north": {"uv": [2, 0, 5, 16], "texture": "#2"},
				"east": {"uv": [8, 0, 11, 16], "texture": "#2"},
				"south": {"uv": [11, 0, 14, 16], "texture": "#2"},
				"west": {"uv": [5, 0, 8, 16], "texture": "#2"},
				"up": {"uv": [13, 15, 16, 16], "texture": "#2"},
				"down": {"uv": [13, 15, 16, 16], "texture": "#2"}
			}
		},
		{
			"name": "hexadecagon",
			"from": [0.5, 5, 6.50816],
			"to": [1.5, 16, 9.49184],
			"rotation": {"angle": -22.5, "axis": "y", "origin": [8, 12, 8]},
			"faces": {
				"north": {"uv": [2, 0, 5, 16], "texture": "#2"},
				"east": {"uv": [8, 0, 11, 16], "texture": "#2"},
				"south": {"uv": [11, 0, 14, 16], "texture": "#2"},
				"west": {"uv": [5, 0, 8, 16], "texture": "#2"},
				"up": {"uv": [13, 15, 16, 16], "texture": "#2"},
				"down": {"uv": [13, 15, 16, 16], "texture": "#2"}
			}
		},
		{
			"name": "hexadecagon",
			"from": [0.5, 5, 6.50816],
			"to": [1.5, 16, 9.49184],
			"rotation": {"angle": 0, "axis": "y", "origin": [8, 12, 8]},
			"faces": {
				"north": {"uv": [2, 0, 5, 16], "texture": "#2"},
				"east": {"uv": [8, 0, 11, 16], "texture": "#2"},
				"south": {"uv": [11, 0, 14, 16], "texture": "#2"},
				"west": {"uv": [5, 0, 8, 16], "texture": "#2"},
				"up": {"uv": [13, 15, 16, 16], "texture": "#2"},
				"down": {"uv": [13, 15, 16, 16], "texture": "#2"}
			}
		},
		{
			"name": "hexadecagon",
			"from": [0.5, 5, 6.50816],
			"to": [1.5, 16, 9.49184],
			"rotation": {"angle": 22.5, "axis": "y", "origin": [8, 12, 8]},
			"faces": {
				"north": {"uv": [2, 0, 5, 16], "texture": "#2"},
				"east": {"uv": [8, 0, 11, 16], "texture": "#2"},
				"south": {"uv": [11, 0, 14, 16], "texture": "#2"},
				"west": {"uv": [5, 0, 8, 16], "texture": "#2"},
				"up": {"uv": [13, 15, 16, 16], "texture": "#2"},
				"down": {"uv": [13, 15, 16, 16], "texture": "#2"}
			}
		},
		{
			"name": "hexadecagon",
			"from": [14.5, 5, 6.50816],
			"to": [15.5, 16, 9.49184],
			"rotation": {"angle": -22.5, "axis": "y", "origin": [8, 12, 8]},
			"faces": {
				"north": {"uv": [2, 0, 5, 16], "texture": "#2"},
				"east": {"uv": [8, 0, 11, 16], "texture": "#2"},
				"south": {"uv": [11, 0, 14, 16], "texture": "#2"},
				"west": {"uv": [5, 0, 8, 16], "texture": "#2"},
				"up": {"uv": [13, 15, 16, 16], "texture": "#2"},
				"down": {"uv": [13, 15, 16, 16], "texture": "#2"}
			}
		},
		{
			"name": "hexadecagon",
			"from": [14.5, 5, 6.50816],
			"to": [15.5, 16, 9.49184],
			"rotation": {"angle": 0, "axis": "y", "origin": [8, 12, 8]},
			"faces": {
				"north": {"uv": [2, 0, 5, 16], "texture": "#2"},
				"east": {"uv": [8, 0, 11, 16], "texture": "#2"},
				"south": {"uv": [11, 0, 14, 16], "texture": "#2"},
				"west": {"uv": [5, 0, 8, 16], "texture": "#2"},
				"up": {"uv": [13, 15, 16, 16], "texture": "#2"},
				"down": {"uv": [13, 15, 16, 16], "texture": "#2"}
			}
		},
		{
			"name": "hexadecagon",
			"from": [14.5, 5, 6.50816],
			"to": [15.5, 16, 9.49184],
			"rotation": {"angle": 22.5, "axis": "y", "origin": [8, 12, 8]},
			"faces": {
				"north": {"uv": [2, 0, 5, 16], "texture": "#2"},
				"east": {"uv": [8, 0, 11, 16], "texture": "#2"},
				"south": {"uv": [11, 0, 14, 16], "texture": "#2"},
				"west": {"uv": [5, 0, 8, 16], "texture": "#2"},
				"up": {"uv": [13, 15, 16, 16], "texture": "#2"},
				"down": {"uv": [13, 15, 16, 16], "texture": "#2"}
			}
		}
	],
	"groups": [
		{
			"name": "LampBase",
			"origin": [8, 8, 8],
			"color": 0,
			"children": [0]
		},
		{
			"name": "hexadecagon",
			"origin": [8, 8, 8],
			"color": 0,
			"children": [1, 2, 3, 4, 5, 6, 7, 8, 9, 10, 11, 12, 13, 14, 15, 16]
		}
	]
}