{
	"credit": "Made with Blockbench",
	"textures": {
		"1": "block/iron_bars",
		"particle": "block/iron_bars"
	},
	"elements": [
		{
			"from": [7, 0, 7],
			"to": [9, 16, 9],
			"faces": {
				"north": {"uv": [7, 16, 9, 0], "texture": "#1"},
				"east": {"uv": [9, 16, 7, 0], "texture": "#1"},
				"south": {"uv": [7, 0, 9, 16], "texture": "#1"},
				"west": {"uv": [9, 0, 7, 16], "texture": "#1"},
				"up": {"uv": [7, 7, 9, 9], "texture": "#1"},
				"down": {"uv": [7, 7, 9, 9], "texture": "#1"}
			}
		}
	],
	"groups": [
		{
			"name": "LampPost",
			"origin": [8, 8, 8],
			"color": 0,
			"children": [0]
		}
	]
}