{
  "credit": "Made with Blockbench",
  "textures": {
    "0": "kubejs:models/star",
    "particle": "kubejs:models/star"
  },
  "elements": [ {
      "from": [ 2, 1, 7.5 ],
      "to": [ 5, 3, 8.5 ],
      "rotation": {
        "angle": 0,
        "axis": "y",
        "origin": [ 10, 9, 15.5 ]
      },
      "faces": {
        "north": {
          "uv": [ 11, 13, 14, 15 ],
          "texture": "#0"
        },
        "east": {
          "uv": [ 11, 13, 12, 15 ],
          "texture": "#0"
        },
        "south": {
          "uv": [ 2, 13, 5, 15 ],
          "texture": "#0"
        },
        "west": {
          "uv": [ 13, 13, 14, 15 ],
          "texture": "#0"
        },
        "up": {
          "uv": [ 14, 13, 11, 14 ],
          "texture": "#0"
        },
        "down": {
          "uv": [ 11, 14, 14, 15 ],
          "texture": "#0"
        }
      }
    }, {
      "from": [ 3, 3, 7.5 ],
      "to": [ 13, 5, 8.5 ],
      "rotation": {
        "angle": 0,
        "axis": "y",
        "origin": [ 11, 11, 15.5 ]
      },
      "faces": {
        "north": {
          "uv": [ 3, 11, 13, 13 ],
          "texture": "#0"
        },
        "east": {
          "uv": [ 12, 11, 13, 13 ],
          "texture": "#0"
        },
        "south": {
          "uv": [ 3, 11, 13, 13 ],
          "texture": "#0"
        },
        "west": {
          "uv": [ 12, 11, 13, 13 ],
          "texture": "#0"
        },
        "up": {
          "uv": [ 3, 11, 13, 12 ],
          "texture": "#0"
        },
        "down": {
          "uv": [ 3, 12, 13, 13 ],
          "texture": "#0"
        }
      }
    }, {
      "from": [ 4, 5, 7.5 ],
      "to": [ 12, 7, 8.5 ],
      "rotation": {
        "angle": 0,
        "axis": "y",
        "origin": [ 12, 13, 15.5 ]
      },
      "faces": {
        "north": {
          "uv": [ 4, 9, 12, 11 ],
          "texture": "#0"
        },
        "east": {
          "uv": [ 4, 9, 5, 11 ],
          "texture": "#0"
        },
        "south": {
          "uv": [ 4, 9, 12, 11 ],
          "texture": "#0"
        },
        "west": {
          "uv": [ 4, 9, 5, 11 ],
          "texture": "#0"
        }
      }
    }, {
      "from": [ 3, 7, 7.5 ],
      "to": [ 13, 8, 8.5 ],
      "rotation": {
        "angle": 0,
        "axis": "y",
        "origin": [ 11, 15, 15.5 ]
      },
      "faces": {
        "north": {
          "uv": [ 3, 8, 13, 9 ],
          "texture": "#0"
        },
        "east": {
          "uv": [ 3, 8, 4, 9 ],
          "texture": "#0"
        },
        "south": {
          "uv": [ 3, 8, 13, 9 ],
          "texture": "#0"
        },
        "west": {
          "uv": [ 3, 8, 4, 9 ],
          "texture": "#0"
        },
        "down": {
          "uv": [ 3, 8, 13, 9 ],
          "texture": "#0"
        }
      }
    }, {
      "from": [ 2, 8, 7.5 ],
      "to": [ 14, 9, 8.5 ],
      "rotation": {
        "angle": 0,
        "axis": "y",
        "origin": [ 10, 16, 15.5 ]
      },
      "faces": {
        "north": {
          "uv": [ 2, 7, 14, 8 ],
          "texture": "#0"
        },
        "east": {
          "uv": [ 2, 7, 3, 8 ],
          "texture": "#0"
        },
        "south": {
          "uv": [ 2, 7, 14, 8 ],
          "texture": "#0"
        },
        "west": {
          "uv": [ 2, 7, 3, 8 ],
          "texture": "#0"
        },
        "down": {
          "uv": [ 2, 7, 14, 8 ],
          "texture": "#0"
        }
      }
    }, {
      "from": [ 1, 9, 7.5 ],
      "to": [ 15, 11, 8.5 ],
      "rotation": {
        "angle": 0,
        "axis": "y",
        "origin": [ 9, 17, 15.5 ]
      },
      "faces": {
        "north": {
          "uv": [ 1, 5, 15, 7 ],
          "texture": "#0"
        },
        "east": {
          "uv": [ 1, 5, 2, 7 ],
          "texture": "#0"
        },
        "south": {
          "uv": [ 1, 5, 15, 7 ],
          "texture": "#0"
        },
        "west": {
          "uv": [ 1, 5, 2, 7 ],
          "texture": "#0"
        },
        "up": {
          "uv": [ 1, 5, 15, 6 ],
          "texture": "#0"
        },
        "down": {
          "uv": [ 1, 6, 15, 7 ],
          "texture": "#0"
        }
      }
    }, {
      "from": [ 5, 11, 7.5 ],
      "to": [ 11, 12, 8.5 ],
      "rotation": {
        "angle": 0,
        "axis": "y",
        "origin": [ 13, 19, 15.5 ]
      },
      "faces": {
        "north": {
          "uv": [ 5, 4, 11, 5 ],
          "texture": "#0"
        },
        "east": {
          "uv": [ 5, 4, 6, 5 ],
          "texture": "#0"
        },
        "south": {
          "uv": [ 5, 4, 11, 5 ],
          "texture": "#0"
        },
        "west": {
          "uv": [ 5, 4, 6, 5 ],
          "texture": "#0"
        },
        "up": {
          "uv": [ 5, 4, 11, 5 ],
          "texture": "#0"
        }
      }
    }, {
      "from": [ 6, 12, 7.5 ],
      "to": [ 10, 14, 8.5 ],
      "rotation": {
        "angle": 0,
        "axis": "y",
        "origin": [ 14, 20, 15.5 ]
      },
      "faces": {
        "north": {
          "uv": [ 6, 2, 10, 4 ],
          "texture": "#0"
        },
        "east": {
          "uv": [ 6, 2, 7, 4 ],
          "texture": "#0"
        },
        "south": {
          "uv": [ 6, 2, 10, 4 ],
          "texture": "#0"
        },
        "west": {
          "uv": [ 6, 2, 7, 4 ],
          "texture": "#0"
        },
        "up": {
          "uv": [ 6, 2, 10, 3 ],
          "texture": "#0"
        }
      }
    }, {
      "from": [ 7, 14, 7.5 ],
      "to": [ 9, 15, 8.5 ],
      "rotation": {
        "angle": 0,
        "axis": "y",
        "origin": [ 15, 22, 15.5 ]
      },
      "faces": {
        "north": {
          "uv": [ 7, 1, 9, 2 ],
          "texture": "#0"
        },
        "east": {
          "uv": [ 7, 1, 9, 2 ],
          "texture": "#0"
        },
        "south": {
          "uv": [ 7, 1, 9, 2 ],
          "texture": "#0"
        },
        "west": {
          "uv": [ 7, 1, 9, 2 ],
          "texture": "#0"
        },
        "up": {
          "uv": [ 7, 1, 9, 2 ],
          "texture": "#0"
        }
      }
    }, {
      "from": [ 11, 1, 7.5 ],
      "to": [ 14, 3, 8.5 ],
      "rotation": {
        "angle": 0,
        "axis": "y",
        "origin": [ 19, 9, 15.5 ]
      },
      "faces": {
        "north": {
          "uv": [ 2, 13, 5, 15 ],
          "texture": "#0"
        },
        "east": {
          "uv": [ 2, 13, 3, 15 ],
          "texture": "#0"
        },
        "south": {
          "uv": [ 11, 13, 14, 15 ],
          "texture": "#0"
        },
        "west": {
          "uv": [ 4, 13, 5, 15 ],
          "texture": "#0"
        },
        "up": {
          "uv": [ 11, 13, 14, 14 ],
          "texture": "#0"
        },
        "down": {
          "uv": [ 11, 14, 14, 15 ],
          "texture": "#0"
        }
      }
    }, {
      "from": [ 5, 2, 7.5 ],
      "to": [ 7, 3, 8.5 ],
      "rotation": {
        "angle": 0,
        "axis": "y",
        "origin": [ 13, 10, 15.5 ]
      },
      "faces": {
        "north": {
          "uv": [ 9, 13, 11, 14 ],
          "texture": "#0"
        },
        "east": {
          "uv": [ 9, 13, 11, 14 ],
          "texture": "#0"
        },
        "south": {
          "uv": [ 9, 13, 11, 14 ],
          "texture": "#0"
        },
        "down": {
          "uv": [ 9, 13, 11, 14 ],
          "texture": "#0"
        }
      }
    }, {
      "from": [ 9, 2, 7.5 ],
      "to": [ 11, 3, 8.5 ],
      "rotation": {
        "angle": 0,
        "axis": "y",
        "origin": [ 17, 10, 15.5 ]
      },
      "faces": {
        "north": {
          "uv": [ 9, 13, 11, 14 ],
          "texture": "#0"
        },
        "south": {
          "uv": [ 9, 13, 11, 14 ],
          "texture": "#0"
        },
        "west": {
          "uv": [ 9, 13, 10, 14 ],
          "texture": "#0"
        },
        "down": {
          "uv": [ 9, 13, 11, 14 ],
          "texture": "#0"
        }
      }
    }, {
      "from": [ 6.5, 0, 6.5 ],
      "to": [ 9.5, 1, 9.5 ],
      "rotation": {
        "angle": 0,
        "axis": "y",
        "origin": [ 14.5, 8, 14.5 ]
      },
      "faces": {
        "north": {
          "uv": [ 0, 2, 3, 3 ],
          "texture": "#0"
        },
        "east": {
          "uv": [ 0, 2, 3, 3 ],
          "texture": "#0"
        },
        "south": {
          "uv": [ 0, 2, 3, 3 ],
          "texture": "#0"
        },
        "west": {
          "uv": [ 0, 2, 3, 3 ],
          "texture": "#0"
        },
        "up": {
          "uv": [ 0, 0, 3, 3 ],
          "texture": "#0"
        },
        "down": {
          "uv": [ 0, 0, 3, 3 ],
          "texture": "#0"
        }
      }
    }, {
      "from": [ 7.65, 1, 7.65 ],
      "to": [ 8.4, 3, 8.4 ],
      "rotation": {
        "angle": 0,
        "axis": "y",
        "origin": [ 15.6, 9, 15.6 ]
      },
      "faces": {
        "north": {
          "uv": [ 1, 1, 2, 2 ],
          "texture": "#0"
        },
        "east": {
          "uv": [ 1, 1, 2, 2 ],
          "texture": "#0"
        },
        "south": {
          "uv": [ 1, 1, 2, 2 ],
          "texture": "#0"
        },
        "west": {
          "uv": [ 1, 1, 2, 2 ],
          "texture": "#0"
        }
      }
    } ],
  "display": {
    "thirdperson_righthand": {
      "rotation": [ 75, 45, 0 ],
      "translation": [ 0, 0.5, 0 ],
      "scale": [ 0.375, 0.375, 0.375 ]
    },
    "thirdperson_lefthand": {
      "rotation": [ 75, 45, 0 ],
      "translation": [ 0, 0.5, 0 ],
      "scale": [ 0.375, 0.375, 0.375 ]
    },
    "firstperson_righthand": {
      "rotation": [ 0, -45, 0 ],
      "scale": [ 0.4, 0.4, 0.4 ]
    },
    "firstperson_lefthand": {
      "rotation": [ 75, 45, 0 ],
      "translation": [ 0, 0.5, 0 ],
      "scale": [ 0.375, 0.375, 0.375 ]
    },
    "ground": {
      "translation": [ 0, 3, 0 ],
      "scale": [ 0.25, 0.25, 0.25 ]
    },
    "gui": {
      "rotation": [ 30, 135, 0 ],
      "translation": [ 0, 0.75, 0 ],
      "scale": [ 0.9, 0.9, 0.9 ]
    },
    "fixed": {
      "scale": [ 0.5, 0.5, 0.5 ]
    }
  }
}