{
	"credit": "Made with Blockbench",
	"textures": {
		"1": "block/iron_bars",
		"2": "block/iron_block",
		"particle": "kubejs:block/gameshelf"
	},
	"elements": [
		{
			"name": "base",
			"from": [1, 0, 1],
			"to": [15, 1, 15],
			"faces": {
				"north": {"uv": [1, 0, 15, 1], "texture": "#2"},
				"east": {"uv": [1, 0, 15, 1], "texture": "#2"},
				"south": {"uv": [1, 0, 15, 1], "texture": "#2"},
				"west": {"uv": [1, 0, 15, 1], "texture": "#2"},
				"up": {"uv": [0, 0, 16, 16], "texture": "#2"},
				"down": {"uv": [0, 0, 16, 16], "texture": "#2"}
			}
		},
		{
			"from": [7, 1, 7],
			"to": [9, 16, 9],
			"faces": {
				"north": {"uv": [7, 0, 9, 15], "texture": "#1"},
				"east": {"uv": [9, 0, 7, 15], "texture": "#1"},
				"south": {"uv": [7, 0, 9, 15], "texture": "#1"},
				"west": {"uv": [9, 0, 7, 15], "texture": "#1"},
				"up": {"uv": [7, 7, 9, 9], "texture": "#1"},
				"down": {"uv": [7, 2, 9, 4], "texture": "#1"}
			}
		}
	],
	"groups": [
		{
			"name": "LampBase",
			"origin": [8, 8, 8],
			"color": 0,
			"children": [0, 1]
		}
	]
}