{
	"credit": "Made with Blockbench",
	"textures": {
		"0": "kubejs:block/tombstone_7",
		"particle": "kubejs:block/tombstone_7"
	},
	"elements": [
		{
			"from": [1, 0, 1],
			"to": [15, 4, 15],
			"faces": {
				"north": {"uv": [8.5, 14, 15.5, 16], "texture": "#0"},
				"east": {"uv": [8.5, 14, 15.5, 16], "texture": "#0"},
				"south": {"uv": [8.5, 14, 15.5, 16], "texture": "#0"},
				"west": {"uv": [8.5, 14, 15.5, 16], "texture": "#0"},
				"up": {"uv": [8.5, 8.5, 15.5, 15.5], "texture": "#0"},
				"down": {"uv": [8.5, 8.5, 15.5, 15.5], "texture": "#0"}
			}
		},
		{
			"from": [4, 4, 4],
			"to": [12, 13, 12],
			"faces": {
				"north": {"uv": [0, 8, 4, 12.5], "texture": "#0"},
				"east": {"uv": [0, 8, 4, 12.5], "rotation": 90, "texture": "#0"},
				"south": {"uv": [0, 8, 4, 12.5], "texture": "#0"},
				"west": {"uv": [0, 8, 4, 12.5], "rotation": 90, "texture": "#0"},
				"up": {"uv": [4, 8, 8, 12], "texture": "#0"},
				"down": {"uv": [0, 0, 8, 8], "texture": "#missing"}
			}
		},
		{
			"from": [6, 13, 6],
			"to": [10, 15, 10],
			"faces": {
				"north": {"uv": [2, 7, 4, 8], "texture": "#0"},
				"east": {"uv": [14, 7, 16, 8], "texture": "#0"},
				"south": {"uv": [10, 7, 12, 8], "texture": "#0"},
				"west": {"uv": [6, 7, 8, 8], "texture": "#0"},
				"up": {"uv": [10, 0, 12, 2], "texture": "#0"},
				"down": {"uv": [0, 0, 4, 4], "texture": "#missing"}
			}
		}
	]
}