{
	"credit": "Made with Blockbench",
	"texture_size": [32, 32],
	"textures": {
		"0": "gameboys:internals",
		"1": "gameboys:shell_colors/blue",
		"2": "gameboys:screen",
		"particle": "gameboys:internals"
	},
	"elements": [
		{
			"name": "Internals",
			"from": [4, 2, 1],
			"to": [12, 2, 15],
			"faces": {
				"north": {"uv": [0, 0, 4, 0.5], "texture": "#0"},
				"east": {"uv": [0, 0, 7, 0.5], "texture": "#0"},
				"south": {"uv": [0, 0, 4, 0.5], "texture": "#0"},
				"west": {"uv": [0, 0, 7, 0.5], "texture": "#0"},
				"up": {"uv": [0, 0, 9, 15.5], "texture": "#0"},
				"down": {"uv": [3, 0, 7.5, 6], "texture": "#0"}
			}
		},
		{
			"from": [4, 0.2, 13.25],
			"to": [12, 0.95, 15.25],
			"rotation": {"angle": -22.5, "axis": "x", "origin": [0, 0, 13]},
			"faces": {
				"north": {"uv": [0, 0, 4, 0.375], "texture": "#1"},
				"east": {"uv": [0, 0, 1, 0.375], "texture": "#1"},
				"south": {"uv": [0, 0, 4, 0.375], "texture": "#1"},
				"west": {"uv": [0, 0, 1, 0.375], "texture": "#1"},
				"up": {"uv": [0, 0, 4, 1], "texture": "#1"},
				"down": {"uv": [0, 0, 4, 1], "texture": "#1"}
			}
		},
		{
			"from": [4, -1.65, 6.25],
			"to": [12, -0.9, 8.25],
			"rotation": {"angle": 22.5, "axis": "x", "origin": [0, 0, 13]},
			"faces": {
				"north": {"uv": [0, 0, 4, 0.375], "texture": "#1"},
				"east": {"uv": [0, 0, 1, 0.375], "texture": "#1"},
				"south": {"uv": [0, 0, 4, 0.375], "texture": "#1"},
				"west": {"uv": [0, 0, 1, 0.375], "texture": "#1"},
				"up": {"uv": [0, 0, 4, 1], "texture": "#1"},
				"down": {"uv": [0, 0, 4, 1], "texture": "#1"}
			}
		},
		{
			"from": [4, 0.27, 8],
			"to": [12, 1.27, 13.2],
			"faces": {
				"north": {"uv": [0, 0, 4, 0.5], "texture": "#1"},
				"east": {"uv": [0, 0, 2.6, 0.5], "texture": "#1"},
				"south": {"uv": [0, 0, 4, 0.5], "texture": "#1"},
				"west": {"uv": [0, 0, 2.6, 0.5], "texture": "#1"},
				"up": {"uv": [0, 0, 4, 2.6], "texture": "#1"},
				"down": {"uv": [0, 0, 4, 2.6], "texture": "#1"}
			}
		},
		{
			"name": "Main Body",
			"from": [4, 1, 1],
			"to": [12, 2.5, 15],
			"faces": {
				"north": {"uv": [0, 0, 4, 0.75], "texture": "#1"},
				"east": {"uv": [0, 0, 7, 0.75], "texture": "#1"},
				"south": {"uv": [0, 0, 4, 0.75], "texture": "#1"},
				"west": {"uv": [0, 0, 7, 0.75], "texture": "#1"},
				"up": {"uv": [0, 0, 4, 7], "texture": "#1"},
				"down": {"uv": [0, 0, 4, 7], "texture": "#1"}
			}
		},
		{
			"name": "Speaker Grill",
			"from": [9, 2.51, 11.5],
			"to": [12, 2.51, 14.5],
			"faces": {
				"up": {"uv": [9, 8, 16, 16], "texture": "#0"}
			}
		},
		{
			"name": "Screen",
			"from": [4.5, 2.51, 1.5],
			"to": [11.5, 2.51, 8],
			"faces": {
				"up": {"uv": [0, 0, 16, 16], "texture": "#2"}
			}
		},
		{
			"name": "B-Button",
			"from": [10.5, 2, 9],
			"to": [11.5, 3, 10],
			"faces": {
				"north": {"uv": [0, 0, 0.5, 0.5], "texture": "#2"},
				"east": {"uv": [0, 0, 0.5, 0.5], "texture": "#2"},
				"south": {"uv": [0, 0, 0.5, 0.5], "texture": "#2"},
				"west": {"uv": [0, 0, 0.5, 0.5], "texture": "#2"},
				"up": {"uv": [0, 0, 0.5, 0.5], "texture": "#2"},
				"down": {"uv": [0, 0, 0.5, 0.5], "texture": "#2"}
			}
		},
		{
			"name": "A-Button",
			"from": [9, 2, 9.5],
			"to": [10, 3, 10.5],
			"faces": {
				"north": {"uv": [0, 0, 0.5, 0.5], "texture": "#2"},
				"east": {"uv": [0, 0, 0.5, 0.5], "texture": "#2"},
				"south": {"uv": [0, 0, 0.5, 0.5], "texture": "#2"},
				"west": {"uv": [0, 0, 0.5, 0.5], "texture": "#2"},
				"up": {"uv": [0, 0, 0.5, 0.5], "texture": "#2"},
				"down": {"uv": [0, 0, 0.5, 0.5], "texture": "#2"}
			}
		},
		{
			"name": "Start",
			"from": [7.75, 1.75, 12],
			"to": [8.75, 2.75, 12.25],
			"faces": {
				"north": {"uv": [0, 0, 0.5, 0.5], "texture": "#2"},
				"east": {"uv": [0, 0, 0.125, 0.5], "texture": "#2"},
				"south": {"uv": [0, 0, 0.5, 0.5], "texture": "#2"},
				"west": {"uv": [0, 0, 0.125, 0.5], "texture": "#2"},
				"up": {"uv": [0, 0, 0.5, 0.125], "texture": "#2"},
				"down": {"uv": [0, 0, 0.5, 0.125], "texture": "#2"}
			}
		},
		{
			"name": "Select",
			"from": [6.5, 1.75, 12],
			"to": [7.5, 2.75, 12.25],
			"faces": {
				"north": {"uv": [0, 0, 0.5, 0.5], "texture": "#2"},
				"east": {"uv": [0, 0, 0.125, 0.5], "texture": "#2"},
				"south": {"uv": [0, 0, 0.5, 0.5], "texture": "#2"},
				"west": {"uv": [0, 0, 0.125, 0.5], "texture": "#2"},
				"up": {"uv": [0, 0, 0.5, 0.125], "texture": "#2"},
				"down": {"uv": [0, 0, 0.5, 0.125], "texture": "#2"}
			}
		},
		{
			"from": [5, 2, 9.5],
			"to": [5.75, 2.75, 10.25],
			"faces": {
				"north": {"uv": [0, 0, 0.375, 0.375], "texture": "#2"},
				"east": {"uv": [0, 0, 0.375, 0.375], "texture": "#2"},
				"south": {"uv": [0, 0, 0.375, 0.375], "texture": "#2"},
				"west": {"uv": [0, 0, 0.375, 0.375], "texture": "#2"},
				"up": {"uv": [0, 0, 0.375, 0.375], "texture": "#2"},
				"down": {"uv": [0, 0, 0.375, 0.375], "texture": "#2"}
			}
		},
		{
			"from": [4.25, 2, 9.5],
			"to": [5, 2.75, 10.25],
			"faces": {
				"north": {"uv": [0, 0, 0.375, 0.375], "texture": "#2"},
				"east": {"uv": [0, 0, 0.375, 0.375], "texture": "#2"},
				"south": {"uv": [0, 0, 0.375, 0.375], "texture": "#2"},
				"west": {"uv": [0, 0, 0.375, 0.375], "texture": "#2"},
				"up": {"uv": [0, 0, 0.375, 0.375], "texture": "#2"},
				"down": {"uv": [0, 0, 0.375, 0.375], "texture": "#2"}
			}
		},
		{
			"from": [5, 2, 8.75],
			"to": [5.75, 2.75, 9.5],
			"faces": {
				"north": {"uv": [0, 0, 0.375, 0.375], "texture": "#2"},
				"east": {"uv": [0, 0, 0.375, 0.375], "texture": "#2"},
				"south": {"uv": [0, 0, 0.375, 0.375], "texture": "#2"},
				"west": {"uv": [0, 0, 0.375, 0.375], "texture": "#2"},
				"up": {"uv": [0, 0, 0.375, 0.375], "texture": "#2"},
				"down": {"uv": [0, 0, 0.375, 0.375], "texture": "#2"}
			}
		},
		{
			"from": [5, 2, 10.25],
			"to": [5.75, 2.75, 11],
			"faces": {
				"north": {"uv": [0, 0, 0.375, 0.375], "texture": "#2"},
				"east": {"uv": [0, 0, 0.375, 0.375], "texture": "#2"},
				"south": {"uv": [0, 0, 0.375, 0.375], "texture": "#2"},
				"west": {"uv": [0, 0, 0.375, 0.375], "texture": "#2"},
				"up": {"uv": [0, 0, 0.375, 0.375], "texture": "#2"},
				"down": {"uv": [0, 0, 0.375, 0.375], "texture": "#2"}
			}
		},
		{
			"from": [5.75, 2, 9.5],
			"to": [6.5, 2.75, 10.25],
			"faces": {
				"north": {"uv": [0, 0, 0.375, 0.375], "texture": "#2"},
				"east": {"uv": [0, 0, 0.375, 0.375], "texture": "#2"},
				"south": {"uv": [0, 0, 0.375, 0.375], "texture": "#2"},
				"west": {"uv": [0, 0, 0.375, 0.375], "texture": "#2"},
				"up": {"uv": [0, 0, 0.375, 0.375], "texture": "#2"},
				"down": {"uv": [0, 0, 0.375, 0.375], "texture": "#2"}
			}
		}
	],
	"display": {
		"thirdperson_righthand": {
			"rotation": [64, -1, 1],
			"translation": [0, 2.25, 3],
			"scale": [0.55, 0.55, 0.55]
		},
		"thirdperson_lefthand": {
			"rotation": [64, -1, 1],
			"translation": [0, 2.25, 3],
			"scale": [0.55, 0.55, 0.55]
		},
		"firstperson_righthand": {
			"rotation": [68, 4, 41],
			"translation": [-0.25, 3.2, 1.13],
			"scale": [0.87, 0.99, 0.68]
		},
		"firstperson_lefthand": {
			"rotation": [68, 4, 41],
			"translation": [-0.25, 3.2, 1.13],
			"scale": [0.87, 0.99, 0.68]
		},
		"ground": {
			"rotation": [26, 0, 37],
			"translation": [-2, 2.25, 0.75],
			"scale": [0.5, 0.5, 0.5]
		},
		"gui": {
			"rotation": [84, -10, 29],
			"translation": [-3, 1.25, 0],
			"scale": [1.06, 1.06, 1.06]
		},
		"head": {
			"rotation": [-89, 180, 0],
			"translation": [0, 0, -13]
		},
		"fixed": {
			"rotation": [-90, 180, 0],
			"translation": [0, 0, -9.75],
			"scale": [1.47, 1.47, 1.47]
		}
	},
	"groups": [
		0,
		{
			"name": "Battery Bump",
			"origin": [0, 0, 0],
			"color": 0,
			"children": [1, 2, 3]
		},
		4,
		5,
		6,
		7,
		8,
		9,
		10,
		{
			"name": "D-Pad",
			"origin": [0, 0, 0],
			"color": 0,
			"children": [11, 12, 13, 14, 15]
		}
	]
}