{
  "credit": "Made with Blockbench",
  "textures": {
    "0": "kubejs:models/snow_globe",
    "particle": "kubejs:models/snow_globe"
  },
  "elements": [ {
      "from": [ 3, 0, 3 ],
      "to": [ 13, 1, 13 ],
      "rotation": {
        "angle": 0,
        "axis": "y",
        "origin": [ 11, 8, 11 ]
      },
      "faces": {
        "north": {
          "uv": [ 0, 0, 5, 0.5 ],
          "rotation": 180,
          "texture": "#0"
        },
        "east": {
          "uv": [ 4.5, 0, 5, 5 ],
          "rotation": 90,
          "texture": "#0"
        },
        "south": {
          "uv": [ 0, 4.5, 5, 5 ],
          "texture": "#0"
        },
        "west": {
          "uv": [ 0, 0, 0.5, 5 ],
          "rotation": 270,
          "texture": "#0"
        },
        "up": {
          "uv": [ 0, 0, 5, 5 ],
          "texture": "#0"
        },
        "down": {
          "uv": [ 0, 0, 5, 5 ],
          "rotation": 180,
          "texture": "#0"
        }
      }
    }, {
      "from": [ 3.5, 1, 3.5 ],
      "to": [ 12.5, 10, 12.5 ],
      "rotation": {
        "angle": 0,
        "axis": "y",
        "origin": [ 11, 9, 11 ]
      },
      "faces": {
        "north": {
          "uv": [ 5, 0, 11, 6 ],
          "texture": "#0"
        },
        "east": {
          "uv": [ 5, 0, 11, 6 ],
          "texture": "#0"
        },
        "south": {
          "uv": [ 5, 0, 11, 6 ],
          "texture": "#0"
        },
        "west": {
          "uv": [ 5, 0, 11, 6 ],
          "texture": "#0"
        },
        "up": {
          "uv": [ 5, 0, 11, 6 ],
          "texture": "#0"
        },
        "down": {
          "uv": [ 0, 0, 0, 0 ],
          "texture": "#0"
        }
      }
    }, {
      "from": [ 4, 0.5, 4 ],
      "to": [ 12, 1.5, 12 ],
      "rotation": {
        "angle": 0,
        "axis": "y",
        "origin": [ 12, 8, 12 ]
      },
      "faces": {
        "north": {
          "uv": [ 0, 9.5, 5, 10 ],
          "texture": "#0"
        },
        "east": {
          "uv": [ 0, 9.5, 5, 10 ],
          "texture": "#0"
        },
        "south": {
          "uv": [ 0, 9.5, 5, 10 ],
          "texture": "#0"
        },
        "west": {
          "uv": [ 0, 9.5, 5, 10 ],
          "texture": "#0"
        },
        "up": {
          "uv": [ 0, 5, 5, 10 ],
          "texture": "#0"
        }
      }
    }, {
      "from": [ 10.9, 1.5, 9.7 ],
      "to": [ 10.9, 4.5, 12.2 ],
      "rotation": {
        "angle": -45,
        "axis": "y",
        "origin": [ 10.9, 3, 10.95 ]
      },
      "faces": {
        "north": {
          "uv": [ 0, 0, 0, 0 ],
          "texture": "#0"
        },
        "east": {
          "uv": [ 5, 6, 7.5, 9 ],
          "texture": "#0"
        },
        "south": {
          "uv": [ 0, 0, 0, 0 ],
          "texture": "#0"
        },
        "west": {
          "uv": [ 5, 6, 7.5, 9 ],
          "texture": "#0"
        },
        "up": {
          "uv": [ 0, 0, 0, 0 ],
          "texture": "#0"
        },
        "down": {
          "uv": [ 0, 0, 0, 0 ],
          "texture": "#0"
        }
      }
    }, {
      "from": [ 10.9, 1.5, 9.7 ],
      "to": [ 10.9, 4.5, 12.2 ],
      "rotation": {
        "angle": 45,
        "axis": "y",
        "origin": [ 10.9, 3, 10.95 ]
      },
      "faces": {
        "east": {
          "uv": [ 5, 6, 7.5, 9 ],
          "texture": "#0"
        },
        "west": {
          "uv": [ 5, 6, 7.5, 9 ],
          "texture": "#0"
        }
      }
    }, {
      "from": [ 5.9, 1.5, 7.7 ],
      "to": [ 5.9, 4.5, 10.2 ],
      "rotation": {
        "angle": -45,
        "axis": "y",
        "origin": [ 5.9, 3, 8.95 ]
      },
      "faces": {
        "north": {
          "uv": [ 0, 0, 0, 0 ],
          "texture": "#0"
        },
        "east": {
          "uv": [ 5, 6, 7.5, 9 ],
          "texture": "#0"
        },
        "south": {
          "uv": [ 0, 0, 0, 0 ],
          "texture": "#0"
        },
        "west": {
          "uv": [ 5, 6, 7.5, 9 ],
          "texture": "#0"
        },
        "up": {
          "uv": [ 0, 0, 0, 0 ],
          "texture": "#0"
        },
        "down": {
          "uv": [ 0, 0, 0, 0 ],
          "texture": "#0"
        }
      }
    }, {
      "from": [ 5.9, 1.5, 7.7 ],
      "to": [ 5.9, 4.5, 10.2 ],
      "rotation": {
        "angle": 45,
        "axis": "y",
        "origin": [ 5.9, 3, 8.95 ]
      },
      "faces": {
        "north": {
          "uv": [ 0, 0, 0, 0 ],
          "texture": "#0"
        },
        "east": {
          "uv": [ 5, 6, 7.5, 9 ],
          "texture": "#0"
        },
        "south": {
          "uv": [ 0, 0, 0, 0 ],
          "texture": "#0"
        },
        "west": {
          "uv": [ 5, 6, 7.5, 9 ],
          "texture": "#0"
        },
        "up": {
          "uv": [ 0, 0, 0, 0 ],
          "texture": "#0"
        },
        "down": {
          "uv": [ 0, 0, 0, 0 ],
          "texture": "#0"
        }
      }
    }, {
      "from": [ 9.9, 1.5, 4.7 ],
      "to": [ 9.9, 4.5, 7.2 ],
      "rotation": {
        "angle": -45,
        "axis": "y",
        "origin": [ 9.9, 3, 5.95 ]
      },
      "faces": {
        "north": {
          "uv": [ 0, 0, 0, 0 ],
          "texture": "#0"
        },
        "east": {
          "uv": [ 5, 6, 7.5, 9 ],
          "texture": "#0"
        },
        "south": {
          "uv": [ 0, 0, 0, 0 ],
          "texture": "#0"
        },
        "west": {
          "uv": [ 5, 6, 7.5, 9 ],
          "texture": "#0"
        },
        "up": {
          "uv": [ 0, 0, 0, 0 ],
          "texture": "#0"
        },
        "down": {
          "uv": [ 0, 0, 0, 0 ],
          "texture": "#0"
        }
      }
    }, {
      "from": [ 9.9, 1.5, 4.7 ],
      "to": [ 9.9, 4.5, 7.2 ],
      "rotation": {
        "angle": 45,
        "axis": "y",
        "origin": [ 9.9, 3, 5.95 ]
      },
      "faces": {
        "north": {
          "uv": [ 0, 0, 0, 0 ],
          "texture": "#0"
        },
        "east": {
          "uv": [ 5, 6, 7.5, 9 ],
          "texture": "#0"
        },
        "south": {
          "uv": [ 0, 0, 0, 0 ],
          "texture": "#0"
        },
        "west": {
          "uv": [ 5, 6, 7.5, 9 ],
          "texture": "#0"
        },
        "up": {
          "uv": [ 0, 0, 0, 0 ],
          "texture": "#0"
        },
        "down": {
          "uv": [ 0, 0, 0, 0 ],
          "texture": "#0"
        }
      }
    }, {
      "from": [ 4.9, 1.5, 3.7 ],
      "to": [ 4.9, 4.5, 6.2 ],
      "rotation": {
        "angle": -45,
        "axis": "y",
        "origin": [ 4.9, 3, 4.95 ]
      },
      "faces": {
        "north": {
          "uv": [ 0, 0, 0, 0 ],
          "texture": "#0"
        },
        "east": {
          "uv": [ 5, 6, 7.5, 9 ],
          "texture": "#0"
        },
        "south": {
          "uv": [ 0, 0, 0, 0 ],
          "texture": "#0"
        },
        "west": {
          "uv": [ 5, 6, 7.5, 9 ],
          "texture": "#0"
        },
        "up": {
          "uv": [ 0, 0, 0, 0 ],
          "texture": "#0"
        },
        "down": {
          "uv": [ 0, 0, 0, 0 ],
          "texture": "#0"
        }
      }
    }, {
      "from": [ 4.9, 1.5, 3.7 ],
      "to": [ 4.9, 4.5, 6.2 ],
      "rotation": {
        "angle": 45,
        "axis": "y",
        "origin": [ 4.9, 3, 4.95 ]
      },
      "faces": {
        "north": {
          "uv": [ 0, 0, 0, 0 ],
          "texture": "#0"
        },
        "east": {
          "uv": [ 5, 6, 7.5, 9 ],
          "texture": "#0"
        },
        "south": {
          "uv": [ 0, 0, 0, 0 ],
          "texture": "#0"
        },
        "west": {
          "uv": [ 5, 6, 7.5, 9 ],
          "texture": "#0"
        },
        "up": {
          "uv": [ 0, 0, 0, 0 ],
          "texture": "#0"
        },
        "down": {
          "uv": [ 0, 0, 0, 0 ],
          "texture": "#0"
        }
      }
    }, {
      "from": [ 9, 1.5, 8 ],
      "to": [ 10, 2.5, 9 ],
      "rotation": {
        "angle": 0,
        "axis": "y",
        "origin": [ 17, 9.5, 16 ]
      },
      "faces": {
        "north": {
          "uv": [ 0, 5, 0.5, 5.5 ],
          "texture": "#0"
        },
        "east": {
          "uv": [ 0, 5, 0.5, 5.5 ],
          "texture": "#0"
        },
        "south": {
          "uv": [ 0, 5, 0.5, 5.5 ],
          "texture": "#0"
        },
        "west": {
          "uv": [ 0, 5, 0.5, 5.5 ],
          "texture": "#0"
        },
        "up": {
          "uv": [ 0, 5, 0.5, 5.5 ],
          "texture": "#0"
        }
      }
    }, {
      "from": [ 9.1, 2.5, 8.1 ],
      "to": [ 9.9, 3.3, 8.9 ],
      "rotation": {
        "angle": 0,
        "axis": "y",
        "origin": [ 17.1, 10.5, 16.1 ]
      },
      "faces": {
        "north": {
          "uv": [ 0, 5, 0.5, 5.5 ],
          "texture": "#0"
        },
        "east": {
          "uv": [ 0, 5, 0.5, 5.5 ],
          "texture": "#0"
        },
        "south": {
          "uv": [ 0, 5, 0.5, 5.5 ],
          "texture": "#0"
        },
        "west": {
          "uv": [ 0, 5, 0.5, 5.5 ],
          "texture": "#0"
        },
        "up": {
          "uv": [ 0, 5, 0.5, 5.5 ],
          "texture": "#0"
        }
      }
    }, {
      "from": [ 9.2, 3.3, 8.2 ],
      "to": [ 9.8, 3.9, 8.8 ],
      "rotation": {
        "angle": 0,
        "axis": "y",
        "origin": [ 17.2, 11.3, 16.2 ]
      },
      "faces": {
        "north": {
          "uv": [ 0, 5, 0.5, 5.5 ],
          "texture": "#0"
        },
        "east": {
          "uv": [ 0, 5, 0.5, 5.5 ],
          "texture": "#0"
        },
        "south": {
          "uv": [ 0, 5, 0.5, 5.5 ],
          "texture": "#0"
        },
        "west": {
          "uv": [ 0, 10, 1.5, 11.5 ],
          "texture": "#0"
        },
        "up": {
          "uv": [ 0, 5, 0.5, 5.5 ],
          "texture": "#0"
        }
      }
    }, {
      "from": [ 9.1, 3.9, 8.1 ],
      "to": [ 9.9, 4, 8.9 ],
      "rotation": {
        "angle": 0,
        "axis": "y",
        "origin": [ 17.1, 11.9, 16.1 ]
      },
      "faces": {
        "north": {
          "uv": [ 0, 10.5, 0.5, 11 ],
          "texture": "#0"
        },
        "east": {
          "uv": [ 0, 10.5, 0.5, 11 ],
          "texture": "#0"
        },
        "south": {
          "uv": [ 0, 10.5, 0.5, 11 ],
          "texture": "#0"
        },
        "west": {
          "uv": [ 0, 10.5, 0.5, 11 ],
          "texture": "#0"
        },
        "up": {
          "uv": [ 0, 10.5, 0.5, 11 ],
          "texture": "#0"
        },
        "down": {
          "uv": [ 0, 10.5, 0.5, 11 ],
          "texture": "#0"
        }
      }
    }, {
      "from": [ 9.3, 4, 8.3 ],
      "to": [ 9.7, 4.5, 8.7 ],
      "rotation": {
        "angle": 0,
        "axis": "y",
        "origin": [ 17.3, 12, 16.3 ]
      },
      "faces": {
        "north": {
          "uv": [ 0, 10.5, 0.5, 11 ],
          "texture": "#0"
        },
        "east": {
          "uv": [ 0, 10.5, 0.5, 11 ],
          "texture": "#0"
        },
        "south": {
          "uv": [ 0, 10.5, 0.5, 11 ],
          "texture": "#0"
        },
        "west": {
          "uv": [ 0, 10.5, 0.5, 11 ],
          "texture": "#0"
        },
        "up": {
          "uv": [ 0, 10.5, 0.5, 11 ],
          "texture": "#0"
        }
      }
    }, {
      "from": [ 8.8, 3.4, 8.45 ],
      "to": [ 9.2, 3.5, 8.55 ],
      "rotation": {
        "angle": 0,
        "axis": "y",
        "origin": [ 16.8, 11.4, 16.5 ]
      },
      "faces": {
        "north": {
          "uv": [ 1.5, 10, 2, 10.5 ],
          "texture": "#0"
        },
        "east": {
          "uv": [ 1.5, 10, 2, 10.5 ],
          "texture": "#0"
        },
        "south": {
          "uv": [ 1.5, 10, 2, 10.5 ],
          "texture": "#0"
        },
        "west": {
          "uv": [ 1.5, 10, 2, 10.5 ],
          "texture": "#0"
        },
        "up": {
          "uv": [ 1.5, 10, 2, 10.5 ],
          "texture": "#0"
        },
        "down": {
          "uv": [ 1.5, 10, 2, 10.5 ],
          "texture": "#0"
        }
      }
    } ],
  "display": {
    "thirdperson_righthand": {
      "rotation": [ 75, 45, 0 ],
      "translation": [ 0, 2.5, 0 ],
      "scale": [ 0.375, 0.375, 0.375 ]
    },
    "thirdperson_lefthand": {
      "rotation": [ 75, 45, 0 ],
      "translation": [ 0, 2.5, 0 ],
      "scale": [ 0.375, 0.375, 0.375 ]
    },
    "firstperson_righthand": {
      "rotation": [ 0, 45, 0 ],
      "translation": [ 0, 3, 0 ],
      "scale": [ 0.4, 0.4, 0.4 ]
    },
    "firstperson_lefthand": {
      "rotation": [ 0, 45, 0 ],
      "translation": [ 0, 3, 0 ],
      "scale": [ 0.4, 0.4, 0.4 ]
    },
    "ground": {
      "translation": [ 0, 3, 0 ],
      "scale": [ 0.25, 0.25, 0.25 ]
    },
    "gui": {
      "rotation": [ 30, 225, 0 ],
      "translation": [ 0, 2.75, 0 ]
    },
    "head": {
      "translation": [ 0, 14.25, 0 ]
    },
    "fixed": {
      "scale": [ 0.5, 0.5, 0.5 ]
    }
  },
  "groups": [ 0, 1, 2, {
      "name": "Tree",
      "origin": [ 8, 8, 8 ],
      "children": [ 3, 4 ]
    }, {
      "name": "Tree",
      "origin": [ 8, 8, 8 ],
      "children": [ 5, 6 ]
    }, {
      "name": "Tree",
      "origin": [ 8, 8, 8 ],
      "children": [ 7, 8 ]
    }, {
      "name": "Tree",
      "origin": [ 8, 8, 8 ],
      "children": [ 9, 10 ]
    }, {
      "name": "Snowman",
      "origin": [ 8, 8, 8 ],
      "children": [ 11, 12, 13, 14, 15, 16 ]
    } ]
}