{
	"credit": "Made with Blockbench",
	"textures": {
		"0": "block/stripped_oak_log",
		"1": "block/oak_log",
		"2": "block/white_wool",
		"particle": "block/stripped_oak_log"
	},
	"elements": [
		{
			"from": [0, 14, 0],
			"to": [16, 16, 16],
			"rotation": {"angle": 0, "axis": "y", "origin": [8, 30, 8]},
			"faces": {
				"north": {"uv": [0, 0, 16, 1], "texture": "#0", "cullface": "north"},
				"east": {"uv": [0, 0, 16, 1], "texture": "#0", "cullface": "east"},
				"south": {"uv": [0, 0, 16, 1], "texture": "#0", "cullface": "south"},
				"west": {"uv": [0, 0, 16, 1], "texture": "#0", "cullface": "west"},
				"up": {"uv": [0, 0, 16, 16], "texture": "#0", "cullface": "up"},
				"down": {"uv": [0, 0, 16, 16], "texture": "#0"}
			}
		},
		{
			"from": [1, 0, 1],
			"to": [3, 14, 3],
			"rotation": {"angle": 0, "axis": "y", "origin": [9, 8, 9]},
			"faces": {
				"north": {"uv": [0, 0, 2, 14], "texture": "#1"},
				"east": {"uv": [0, 0, 2, 14], "texture": "#1"},
				"south": {"uv": [0, 0, 2, 14], "texture": "#1"},
				"west": {"uv": [0, 0, 2, 14], "texture": "#1"},
				"down": {"uv": [0, 0, 2, 2], "texture": "#1", "cullface": "down"}
			}
		},
		{
			"from": [13, 0, 1],
			"to": [15, 14, 3],
			"rotation": {"angle": 0, "axis": "y", "origin": [7, 8, 9]},
			"faces": {
				"north": {"uv": [2, 0, 4, 14], "texture": "#1"},
				"east": {"uv": [2, 0, 4, 14], "texture": "#1"},
				"south": {"uv": [2, 0, 4, 14], "texture": "#1"},
				"west": {"uv": [2, 0, 4, 14], "texture": "#1"},
				"down": {"uv": [2, 0, 4, 2], "texture": "#1", "cullface": "down"}
			}
		},
		{
			"from": [1, 0, 13],
			"to": [3, 14, 15],
			"rotation": {"angle": 0, "axis": "y", "origin": [9, 8, 21]},
			"faces": {
				"north": {"uv": [0, 0, 2, 14], "texture": "#1"},
				"east": {"uv": [0, 0, 2, 14], "texture": "#1"},
				"south": {"uv": [0, 0, 2, 14], "texture": "#1"},
				"west": {"uv": [0, 0, 2, 14], "texture": "#1"},
				"down": {"uv": [0, 0, 2, 2], "texture": "#1", "cullface": "down"}
			}
		},
		{
			"from": [13, 0, 13],
			"to": [15, 14, 15],
			"rotation": {"angle": 0, "axis": "y", "origin": [7, 8, 21]},
			"faces": {
				"north": {"uv": [2, 0, 4, 14], "texture": "#1"},
				"east": {"uv": [2, 0, 4, 14], "texture": "#1"},
				"south": {"uv": [2, 0, 4, 14], "texture": "#1"},
				"west": {"uv": [2, 0, 4, 14], "texture": "#1"},
				"down": {"uv": [2, 0, 4, 2], "texture": "#1", "cullface": "down"}
			}
		},
		{
			"from": [2.5, 16, 0],
			"to": [13.5, 16.1, 16],
			"rotation": {"angle": 0, "axis": "y", "origin": [10.5, 24, 8]},
			"faces": {
				"east": {"uv": [0, 0, 16, 0.1], "texture": "#2", "cullface": "up"},
				"west": {"uv": [0, 0, 16, 0.1], "texture": "#2", "cullface": "up"},
				"up": {"uv": [0, 0, 11, 16], "texture": "#2", "cullface": "up"}
			}
		},
		{
			"from": [2.5, 12.33376, 18.43146],
			"to": [13.5, 12.43376, 18.55646],
			"rotation": {"angle": 22.5, "axis": "x", "origin": [10.5, 20.37876, 26.43146]},
			"faces": {
				"east": {"uv": [0.125, 0, 0, 0.1], "texture": "#2"},
				"west": {"uv": [0.125, 0, 0, 0.1], "texture": "#2"},
				"up": {"uv": [0, 0.125, 11, 0], "texture": "#2", "cullface": "up"},
				"down": {"uv": [0, 0.125, 11, 0], "texture": "#2", "cullface": "south"}
			}
		},
		{
			"from": [2.5, 12.33376, -2.55646],
			"to": [13.5, 12.43376, -2.43146],
			"rotation": {"angle": -22.5, "axis": "x", "origin": [10.5, 20.37876, -10.43146]},
			"faces": {
				"east": {"uv": [0, 0, 0.125, 0.1], "texture": "#2"},
				"west": {"uv": [0, 0, 0.125, 0.1], "texture": "#2"},
				"up": {"uv": [0, 0, 11, 0.125], "texture": "#2", "cullface": "north"},
				"down": {"uv": [0, 0, 11, 0.125], "texture": "#2", "cullface": "north"}
			}
		},
		{
			"from": [2.5, 7.96827, 19.3903],
			"to": [13.5, 8.06827, 19.5153],
			"rotation": {"angle": 45, "axis": "x", "origin": [10.5, 16.01327, 27.3903]},
			"faces": {
				"east": {"uv": [0.125, 0, 0, 0.1], "texture": "#2", "cullface": "south"},
				"west": {"uv": [0.125, 0, 0, 0.1], "texture": "#2", "cullface": "south"},
				"up": {"uv": [0, 0.125, 11, 0], "texture": "#2", "cullface": "south"},
				"down": {"uv": [0, 0.125, 11, 0], "texture": "#2", "cullface": "south"}
			}
		},
		{
			"from": [2.5, 7.96827, -3.5153],
			"to": [13.5, 8.06827, -3.3903],
			"rotation": {"angle": -45, "axis": "x", "origin": [10.5, 16.01327, -11.3903]},
			"faces": {
				"east": {"uv": [0, 0, 0.125, 0.1], "texture": "#2", "cullface": "north"},
				"west": {"uv": [0, 0, 0.125, 0.1], "texture": "#2", "cullface": "north"},
				"up": {"uv": [0, 0, 11, 0.125], "texture": "#2", "cullface": "north"},
				"down": {"uv": [0, 0, 11, 0.125], "texture": "#2", "cullface": "north"}
			}
		},
		{
			"from": [2.5, 19.48816, 18.56056],
			"to": [13.5, 19.61316, 18.66056],
			"rotation": {"angle": -22.5, "axis": "x", "origin": [10.5, 11.61316, 26.60556]},
			"faces": {
				"north": {"uv": [11, 0, 0, 0.125], "texture": "#2", "cullface": "south"},
				"east": {"uv": [0, 0.1, 0.125, 0], "rotation": 90, "texture": "#2", "cullface": "south"},
				"south": {"uv": [11, 0, 0, 0.125], "rotation": 180, "texture": "#2", "cullface": "south"},
				"west": {"uv": [0, 0.1, 0.125, 0], "rotation": 270, "texture": "#2", "cullface": "south"}
			}
		},
		{
			"from": [2.5, 19.48816, -2.66056],
			"to": [13.5, 19.61316, -2.56056],
			"rotation": {"angle": 22.5, "axis": "x", "origin": [10.5, 11.61316, -10.60556]},
			"faces": {
				"north": {"uv": [0, 0, 11, 0.125], "rotation": 180, "texture": "#2", "cullface": "north"},
				"east": {"uv": [0, 0, 0.125, 0.1], "rotation": 90, "texture": "#2", "cullface": "north"},
				"south": {"uv": [0, 0, 11, 0.125], "texture": "#2", "cullface": "north"},
				"west": {"uv": [0, 0, 0.125, 0.1], "rotation": 270, "texture": "#2", "cullface": "north"}
			}
		},
		{
			"from": [2.5, 18.28594, 18.60079],
			"to": [13.5, 18.41094, 18.70079],
			"rotation": {"angle": -22.5, "axis": "x", "origin": [10.5, 10.41094, 26.64579]},
			"faces": {
				"north": {"uv": [11, 0, 0, 0.125], "texture": "#2", "cullface": "south"},
				"east": {"uv": [0, 0.1, 0.125, 0], "rotation": 90, "texture": "#2", "cullface": "south"},
				"south": {"uv": [11, 0, 0, 0.125], "rotation": 180, "texture": "#2", "cullface": "south"},
				"west": {"uv": [0, 0.1, 0.125, 0], "rotation": 270, "texture": "#2", "cullface": "south"},
				"down": {"uv": [0, 0.1, 11, 0], "rotation": 180, "texture": "#2", "cullface": "south"}
			}
		},
		{
			"from": [2.5, 18.28594, -2.70079],
			"to": [13.5, 18.41094, -2.60079],
			"rotation": {"angle": 22.5, "axis": "x", "origin": [10.5, 10.41094, -10.64579]},
			"faces": {
				"north": {"uv": [0, 0, 11, 0.125], "rotation": 180, "texture": "#2", "cullface": "north"},
				"east": {"uv": [0, 0, 0.125, 0.1], "rotation": 90, "texture": "#2", "cullface": "north"},
				"south": {"uv": [0, 0, 11, 0.125], "texture": "#2", "cullface": "north"},
				"west": {"uv": [0, 0, 0.125, 0.1], "rotation": 270, "texture": "#2", "cullface": "north"},
				"down": {"uv": [0, 0, 11, 0.1], "rotation": 180, "texture": "#2", "cullface": "north"}
			}
		},
		{
			"from": [2.5, 14.72329, 16.15171],
			"to": [13.5, 15.84829, 16.25171],
			"rotation": {"angle": 0, "axis": "x", "origin": [10.5, 7.84829, 24.19671]},
			"faces": {
				"north": {"uv": [11, 0, 0, 1.125], "texture": "#2", "cullface": "south"},
				"east": {"uv": [0, 0.1, 1.125, 0], "rotation": 90, "texture": "#2", "cullface": "south"},
				"south": {"uv": [11, 0, 0, 1.125], "rotation": 180, "texture": "#2", "cullface": "south"},
				"west": {"uv": [0, 0.1, 1.125, 0], "rotation": 270, "texture": "#2", "cullface": "south"}
			}
		},
		{
			"from": [2.5, 14.72329, -0.25171],
			"to": [13.5, 15.84829, -0.15171],
			"rotation": {"angle": 0, "axis": "x", "origin": [10.5, 7.84829, -8.19671]},
			"faces": {
				"north": {"uv": [0, 0, 11, 1.125], "rotation": 180, "texture": "#2", "cullface": "north"},
				"east": {"uv": [0, 0, 1.125, 0.1], "rotation": 90, "texture": "#2", "cullface": "north"},
				"south": {"uv": [0, 0, 11, 1.125], "texture": "#2", "cullface": "north"},
				"west": {"uv": [0, 0, 1.125, 0.1], "rotation": 270, "texture": "#2", "cullface": "north"}
			}
		}
	],
	"display": {
		"thirdperson_righthand": {
			"rotation": [75, 45, 0],
			"translation": [0, 2.5, 0],
			"scale": [0.375, 0.375, 0.375]
		},
		"thirdperson_lefthand": {
			"rotation": [75, 45, 0],
			"translation": [0, 2.5, 0],
			"scale": [0.375, 0.375, 0.375]
		},
		"firstperson_righthand": {
			"rotation": [0, 45, 0],
			"scale": [0.4, 0.4, 0.4]
		},
		"firstperson_lefthand": {
			"rotation": [0, 225, 0],
			"scale": [0.4, 0.4, 0.4]
		},
		"ground": {
			"translation": [0, 3, 0],
			"scale": [0.25, 0.25, 0.25]
		},
		"gui": {
			"rotation": [30, 225, 0],
			"scale": [0.625, 0.625, 0.625]
		},
		"fixed": {
			"rotation": [-90, 0, 0],
			"translation": [0, 0, -14],
			"scale": [2.05, 2.05, 2.05]
		}
	}
}