{
  "credit": "Made with Blockbench",
  "textures": {
    "0": "kubejs:models/garland",
    "particle": "kubejs:models/garland"
  },
  "elements": [ {
      "from": [ 0, 4.5, 1.3 ],
      "to": [ 16, 11, 1.3 ],
      "rotation": {
        "angle": -22.5,
        "axis": "x",
        "origin": [ 8, 7, 1.3 ]
      },
      "faces": {
        "north": {
          "uv": [ 16, 5, 0, 11 ],
          "texture": "#0"
        },
        "east": {
          "uv": [ 0, 0, 0, 5 ],
          "texture": "#0"
        },
        "south": {
          "uv": [ 0, 5, 16, 11 ],
          "texture": "#0"
        },
        "west": {
          "uv": [ 0, 0, 0, 5 ],
          "texture": "#0"
        },
        "up": {
          "uv": [ 0, 0, 16, 0 ],
          "texture": "#0"
        },
        "down": {
          "uv": [ 0, 0, 16, 0 ],
          "texture": "#0"
        }
      }
    } ],
  "display": {
    "thirdperson_righthand": {
      "rotation": [ 75, 90, 0 ],
      "translation": [ -2.75, -0.75, 0.25 ],
      "scale": [ 0.375, 0.375, 0.375 ]
    },
    "thirdperson_lefthand": {
      "rotation": [ 75, 90, 0 ],
      "translation": [ -2.75, -0.75, 0.25 ],
      "scale": [ 0.375, 0.375, 0.375 ]
    },
    "firstperson_righthand": {
      "rotation": [ 0, 125, 0 ],
      "translation": [ -2.75, 2.75, 4 ],
      "scale": [ 0.4, 0.4, 0.4 ]
    },
    "firstperson_lefthand": {
      "rotation": [ 0, 125, 0 ],
      "translation": [ -2.75, 2.75, 4 ],
      "scale": [ 0.4, 0.4, 0.4 ]
    },
    "ground": {
      "translation": [ 0, 3, 0 ],
      "scale": [ 0.25, 0.25, 0.25 ]
    },
    "gui": {
      "rotation": [ 30, -180, 0 ],
      "translation": [ 0, -3.5, 0 ]
    },
    "head": {
      "translation": [ 0, 4.5, -14.5 ]
    },
    "fixed": {
      "translation": [ 0, 0, -4.25 ],
      "scale": [ 0.5, 0.5, 0.5 ]
    }
  }
}