{
  "credit": "Made with Blockbench",
  "textures": {
    "0": "kubejs:models/ornament_red",
    "particle": "kubejs:models/ornament_red"
  },
  "elements": [ {
      "from": [ 6, 6, 6 ],
      "to": [ 10, 10, 10 ],
      "rotation": {
        "angle": 0,
        "axis": "y",
        "origin": [ 14, 14, 14 ]
      },
      "faces": {
        "north": {
          "uv": [ 0, 0, 4, 4 ],
          "texture": "#0"
        },
        "east": {
          "uv": [ 0, 0, 4, 4 ],
          "texture": "#0"
        },
        "south": {
          "uv": [ 0, 0, 4, 4 ],
          "texture": "#0"
        },
        "west": {
          "uv": [ 0, 0, 4, 4 ],
          "texture": "#0"
        },
        "up": {
          "uv": [ 0, 0, 1, 1 ],
          "texture": "#0"
        },
        "down": {
          "uv": [ 3, 3, 4, 4 ],
          "texture": "#0"
        }
      }
    }, {
      "from": [ 7, 10, 7 ],
      "to": [ 9, 11, 9 ],
      "rotation": {
        "angle": 0,
        "axis": "y",
        "origin": [ 15.5, 18, 15.5 ]
      },
      "faces": {
        "north": {
          "uv": [ 0, 4, 2, 5 ],
          "texture": "#0"
        },
        "east": {
          "uv": [ 0, 4, 1, 5 ],
          "texture": "#0"
        },
        "south": {
          "uv": [ 2, 4, 0, 5 ],
          "texture": "#0"
        },
        "west": {
          "uv": [ 1, 4, 2, 5 ],
          "texture": "#0"
        },
        "up": {
          "uv": [ 0, 4, 2, 5 ],
          "rotation": 180,
          "texture": "#0"
        }
      }
    }, {
      "from": [ 7, 11, 8 ],
      "to": [ 9, 12.5, 8 ],
      "rotation": {
        "angle": 45,
        "axis": "y",
        "origin": [ 8, 11.5, 8 ]
      },
      "faces": {
        "north": {
          "uv": [ 0, 5, 3, 7 ],
          "texture": "#0"
        },
        "south": {
          "uv": [ 0, 5, 3, 7 ],
          "texture": "#0"
        }
      }
    }, {
      "from": [ 7.75, 12.5, 8 ],
      "to": [ 8.25, 16, 8 ],
      "rotation": {
        "angle": 45,
        "axis": "y",
        "origin": [ 8, 14.25, 8 ]
      },
      "faces": {
        "north": {
          "uv": [ 4, 0, 5, 6 ],
          "texture": "#0"
        },
        "south": {
          "uv": [ 4, 0, 5, 6 ],
          "texture": "#0"
        }
      }
    }, {
      "from": [ 7.75, 12.5, 8 ],
      "to": [ 8.25, 16, 8 ],
      "rotation": {
        "angle": -45,
        "axis": "y",
        "origin": [ 8, 14.25, 8 ]
      },
      "faces": {
        "north": {
          "uv": [ 4, 0, 5, 6 ],
          "texture": "#0"
        },
        "south": {
          "uv": [ 4, 0, 5, 6 ],
          "texture": "#0"
        }
      }
    }, {
      "from": [ 7, 11, 8 ],
      "to": [ 9, 12.5, 8 ],
      "rotation": {
        "angle": -45,
        "axis": "y",
        "origin": [ 8, 11.75, 8 ]
      },
      "faces": {
        "north": {
          "uv": [ 0, 5, 3, 7 ],
          "texture": "#0"
        },
        "east": {
          "uv": [ 0, 0, 0, 0 ],
          "texture": "#0"
        },
        "south": {
          "uv": [ 0, 5, 3, 7 ],
          "texture": "#0"
        },
        "west": {
          "uv": [ 0, 0, 0, 0 ],
          "texture": "#0"
        },
        "up": {
          "uv": [ 0, 0, 0, 0 ],
          "rotation": 180,
          "texture": "#0"
        },
        "down": {
          "uv": [ 0, 0, 0, 0 ],
          "texture": "#0"
        }
      }
    } ],
  "display": {
    "thirdperson_righthand": {
      "rotation": [ 75, 45, 0 ],
      "translation": [ 0, 0.5, 0 ],
      "scale": [ 0.375, 0.375, 0.375 ]
    },
    "thirdperson_lefthand": {
      "rotation": [ 75, 45, 0 ],
      "translation": [ 0, 0.5, 0 ],
      "scale": [ 0.375, 0.375, 0.375 ]
    },
    "firstperson_righthand": {
      "rotation": [ 0, 45, 0 ],
      "scale": [ 0.4, 0.4, 0.4 ]
    },
    "firstperson_lefthand": {
      "rotation": [ 0, 225, 0 ],
      "scale": [ 0.4, 0.4, 0.4 ]
    },
    "ground": {
      "translation": [ 0, 3, 0 ],
      "scale": [ 0.25, 0.25, 0.25 ]
    },
    "gui": {
      "rotation": [ 30, 225, 0 ],
      "translation": [ 0, -0.5, 0 ],
      "scale": [ 1.4, 1.4, 1.4 ]
    },
    "fixed": {
      "scale": [ 0.5, 0.5, 0.5 ]
    }
  }
}