{
  "credit": "Made with Blockbench",
  "textures": {
    "0": "kubejs:models/present_wrapped_red",
    "particle": "kubejs:models/present_wrapped_red"
  },
  "elements": [ {
      "from": [ 2, 0, 2 ],
      "to": [ 14, 9, 14 ],
      "rotation": {
        "angle": 0,
        "axis": "y",
        "origin": [ 10, 6, 10 ]
      },
      "faces": {
        "north": {
          "uv": [ 0, 6, 6, 10.5 ],
          "texture": "#0"
        },
        "east": {
          "uv": [ 0, 6, 6, 10.5 ],
          "texture": "#0"
        },
        "south": {
          "uv": [ 0, 6, 6, 10.5 ],
          "texture": "#0"
        },
        "west": {
          "uv": [ 0, 6, 6, 10.5 ],
          "texture": "#0"
        },
        "down": {
          "uv": [ 6, 0, 0, 6 ],
          "texture": "#0"
        }
      }
    }, {
      "from": [ 1, 9, 1 ],
      "to": [ 15, 13, 15 ],
      "rotation": {
        "angle": 0,
        "axis": "y",
        "origin": [ 9, 17, 9 ]
      },
      "faces": {
        "north": {
          "uv": [ 6, 8, 14, 10.5 ],
          "texture": "#0"
        },
        "east": {
          "uv": [ 6, 8, 14, 10.5 ],
          "texture": "#0"
        },
        "south": {
          "uv": [ 6, 8, 14, 10.5 ],
          "texture": "#0"
        },
        "west": {
          "uv": [ 6, 8, 14, 10.5 ],
          "texture": "#0"
        },
        "up": {
          "uv": [ 6, 0, 14, 8 ],
          "texture": "#0"
        },
        "down": {
          "uv": [ 14, 0, 6, 8 ],
          "rotation": 270,
          "texture": "#0"
        }
      }
    }, {
      "from": [ 6.9, 13, 4 ],
      "to": [ 6.9, 18, 13 ],
      "rotation": {
        "angle": 45,
        "axis": "y",
        "origin": [ 6.9, 15, 7 ]
      },
      "faces": {
        "north": {
          "uv": [ 15.5, 15.5, 16, 16 ],
          "texture": "#0"
        },
        "east": {
          "uv": [ 0, 13.5, 4.5, 16 ],
          "texture": "#0"
        },
        "south": {
          "uv": [ 15.5, 15.5, 16, 16 ],
          "texture": "#0"
        },
        "west": {
          "uv": [ 0, 13.5, 4.5, 16 ],
          "texture": "#0"
        },
        "up": {
          "uv": [ 15.5, 15.5, 16, 16 ],
          "rotation": 90,
          "texture": "#0"
        },
        "down": {
          "uv": [ 15.5, 15.5, 16, 16 ],
          "rotation": 270,
          "texture": "#0"
        }
      }
    }, {
      "from": [ 9, 13, 4 ],
      "to": [ 9, 18, 13 ],
      "rotation": {
        "angle": -45,
        "axis": "y",
        "origin": [ 9, 15, 7 ]
      },
      "faces": {
        "north": {
          "uv": [ 15.5, 15.5, 16, 16 ],
          "texture": "#0"
        },
        "east": {
          "uv": [ 0, 13.5, 4.5, 16 ],
          "texture": "#0"
        },
        "south": {
          "uv": [ 15.5, 15.5, 16, 16 ],
          "texture": "#0"
        },
        "west": {
          "uv": [ 0, 13.5, 4.5, 16 ],
          "texture": "#0"
        },
        "up": {
          "uv": [ 15.5, 15.5, 16, 16 ],
          "rotation": 90,
          "texture": "#0"
        },
        "down": {
          "uv": [ 15.5, 15.5, 16, 16 ],
          "rotation": 270,
          "texture": "#0"
        }
      }
    } ],
  "display": {
    "thirdperson_righthand": {
      "rotation": [ 75, 45, 0 ],
      "translation": [ 0, 2.5, 0 ],
      "scale": [ 0.375, 0.375, 0.375 ]
    },
    "thirdperson_lefthand": {
      "rotation": [ 75, 45, 0 ],
      "translation": [ 0, 2.5, 0 ],
      "scale": [ 0.375, 0.375, 0.375 ]
    },
    "firstperson_righthand": {
      "rotation": [ 0, 45, 0 ],
      "scale": [ 0.4, 0.4, 0.4 ]
    },
    "firstperson_lefthand": {
      "rotation": [ 0, 225, 0 ],
      "scale": [ 0.4, 0.4, 0.4 ]
    },
    "ground": {
      "translation": [ 0, 3, 0 ],
      "scale": [ 0.25, 0.25, 0.25 ]
    },
    "gui": {
      "rotation": [ 30, 225, 0 ],
      "scale": [ 0.625, 0.625, 0.625 ]
    },
    "fixed": {
      "scale": [ 0.5, 0.5, 0.5 ]
    }
  }
}